number ,AphidMummy,field,plot ,tube ,fertilization,parasitoid,endosymbiont,Mdir,Save,Rpad,Hden,Rins,EPpla,APrho,APuzb,APerv,APave,PRvol,PRgal,AEabd,ALvic,ASsus,ASvul,COcla,PHvil,DEcar
3287,aph,H,5,1,no,1,1,0,1,0,1,0,0,0,0,0,0,0,0,0,0,0,0,0,0,0
3186,mum,H,3,1,no,1,1,1,0,0,0,1,0,0,0,0,0,0,0,0,0,0,0,0,0,0
3767,aph,L,2,1,yes,1,0,1,0,0,0,0,0,0,0,0,0,0,0,0,0,0,0,0,0,0
4185,aph,L,5,1,no,1,0,0,0,1,0,0,0,0,0,0,0,0,0,0,0,0,0,0,0,0
3061,mum,H,1,1,no,1,0,1,0,0,0,0,0,1,0,0,0,1,0,0,0,0,0,0,0,0
3317,mum,H,1,1,no,1,1,1,0,0,1,0,0,1,0,0,0,0,0,0,0,0,0,0,0,0
3322,mum,H,1,1,no,1,0,1,0,0,0,0,0,1,0,0,0,0,0,0,0,0,0,0,0,0
3779,mum,L,2,1,yes,1,0,0,1,0,0,0,0,0,0,0,0,1,0,0,0,0,0,0,0,0
4318,mum,L,6,1,yes,1,1,0,1,0,1,0,0,0,0,0,0,1,0,0,0,0,0,0,0,0
4319,mum,L,6,1,yes,1,1,0,1,0,1,0,0,0,1,0,0,0,0,0,0,0,0,0,0,0
3064,mum,H,1,1,no,1,1,1,0,0,1,1,0,1,0,0,0,0,0,0,0,0,0,0,0,0
3242,mum,H,5,1,no,1,0,1,0,0,0,0,0,0,1,0,0,0,0,0,0,1,0,0,0,0
3244,mum,H,5,1,no,1,0,1,0,0,0,0,0,0,1,0,0,0,0,0,0,1,0,0,0,0
3065,mum,H,1,1,no,1,0,1,0,0,0,0,0,1,0,0,0,0,0,0,1,0,0,0,0,0
3068,mum,H,1,1,no,1,1,1,0,0,0,1,0,1,0,0,0,0,0,0,0,0,0,1,0,0
3105,mum,H,1,1,no,1,0,1,0,0,0,0,0,0,0,0,0,0,0,0,0,1,0,0,0,0
3191,mum,H,3,1,no,1,0,1,0,0,0,0,0,0,0,0,0,0,0,0,1,0,0,0,0,0
3312,mum,H,1,1,no,1,0,1,0,0,0,0,0,1,0,0,0,0,0,0,1,0,0,0,0,0
3314,mum,H,1,1,no,1,0,1,0,0,0,0,0,1,0,0,0,0,0,0,0,0,0,0,0,1
3320,mum,H,1,1,no,1,0,0,1,0,0,0,0,0,0,0,0,0,0,0,0,0,0,0,0,1
3321,mum,H,1,1,no,1,0,1,0,0,0,0,0,0,0,0,0,0,0,0,1,0,0,0,0,0
3325,mum,H,1,1,no,1,0,0,1,0,0,0,0,1,0,0,0,0,0,0,0,0,0,0,0,1
3363,mum,H,4,1,yes,1,1,1,0,0,0,1,0,0,0,0,0,0,0,1,0,0,0,1,0,0
3364,mum,H,4,1,yes,1,0,1,0,0,0,0,0,1,0,0,0,0,0,0,0,1,0,0,0,0
3365,mum,H,4,1,yes,1,1,1,0,0,1,0,0,1,0,0,0,0,0,0,0,1,0,0,0,0
3656,aph,L,4,1,yes,1,0,1,0,0,0,0,0,0,0,0,0,0,0,0,0,0,0,0,0,1
3665,mum,L,4,1,yes,1,0,1,0,0,0,0,0,0,0,0,0,1,0,0,0,0,0,0,0,1
3666,mum,L,4,1,yes,1,0,1,0,0,0,0,0,0,0,0,0,1,0,0,0,0,1,0,0,0
3667,mum,L,4,1,yes,1,0,0,1,0,0,0,0,0,0,0,0,1,0,0,0,0,1,0,0,0
3756,mum,L,2,1,yes,1,0,0,1,0,0,0,1,0,0,0,0,0,0,0,0,0,1,0,0,0
3757,mum,L,2,1,yes,1,0,0,1,0,0,0,1,0,0,0,0,0,0,0,0,0,0,0,0,1
3760,mum,L,2,1,yes,1,0,1,0,0,0,0,1,0,0,0,1,0,0,0,0,0,1,0,0,0
3761,mum,L,2,1,yes,1,0,0,1,0,0,0,1,0,0,0,0,0,0,0,0,0,1,0,0,0
3762,mum,L,2,1,yes,1,1,0,0,1,1,0,1,0,0,0,0,1,0,0,0,1,0,0,0,0
3780,mum,L,2,1,yes,1,1,0,1,0,1,0,0,0,0,0,0,1,0,0,0,1,0,0,0,0
3833,mum,L,1,1,no,1,1,1,0,0,1,1,0,0,0,0,0,0,0,0,0,1,0,0,0,0
3883,mum,L,1,1,no,1,0,0,1,0,0,0,1,0,0,0,0,0,0,0,0,0,1,0,0,0
3885,mum,L,1,1,no,1,1,0,1,0,1,0,1,0,0,0,0,0,0,0,0,0,0,0,0,1
3886,mum,L,1,1,no,1,0,1,0,0,0,0,1,0,0,0,0,1,0,0,0,0,1,0,0,0
3887,mum,L,1,1,no,1,0,1,0,0,0,0,0,0,0,0,0,1,0,0,0,1,1,0,0,0
3888,mum,L,1,1,no,1,0,1,0,0,0,0,0,0,0,0,0,1,0,0,0,1,0,0,0,0
3891,mum,L,1,1,no,1,0,1,0,0,0,0,1,1,0,0,0,0,0,0,0,0,1,0,0,0
3938,mum,L,6,1,yes,1,1,0,1,0,1,0,0,0,0,0,0,1,0,0,0,0,1,0,0,0
3939,mum,L,6,1,yes,1,0,1,0,0,0,0,0,0,0,0,0,1,0,0,0,1,0,0,0,0
3941,mum,L,6,1,yes,1,0,0,1,0,0,0,0,1,0,0,0,0,0,0,0,0,1,0,0,0
4002,mum,L,6,1,yes,1,1,0,1,0,0,1,0,0,1,0,0,0,0,0,0,0,0,0,0,1
4081,mum,L,3,1,no,1,1,0,1,0,0,1,0,0,0,0,0,1,0,0,0,0,1,0,0,0
4082,mum,L,3,1,no,1,1,0,1,0,0,1,0,0,0,0,0,1,0,0,0,0,1,0,0,0
4084,mum,L,3,1,no,1,1,1,0,0,1,0,0,1,0,0,0,1,0,0,0,0,1,0,0,0
4085,mum,L,3,1,no,1,0,1,0,0,0,0,1,0,0,0,0,0,0,0,0,0,1,0,0,0
4267,mum,L,5,1,no,1,0,0,0,1,0,0,0,0,0,0,0,1,0,0,0,0,1,0,0,0
4268,mum,L,5,1,no,1,0,1,0,0,0,0,0,0,1,0,0,0,0,0,0,0,1,0,0,0
4269,mum,L,5,1,no,1,0,0,1,0,0,0,0,0,0,0,0,1,0,0,0,0,0,0,0,1
4271,mum,L,5,1,no,1,0,0,1,0,0,0,0,0,1,0,0,0,0,0,0,0,1,0,0,0
4272,mum,L,5,1,no,1,1,0,1,0,1,0,0,0,0,0,0,0,0,0,0,0,0,1,0,0
4273,mum,L,5,1,no,1,0,0,1,0,0,0,0,0,0,1,0,0,0,0,0,0,0,0,0,1
4274,mum,L,5,1,no,1,0,0,1,0,0,0,0,0,0,0,0,0,0,0,0,0,0,0,0,1
4275,mum,L,5,1,no,1,0,1,0,0,0,0,0,0,0,0,0,1,0,0,0,0,1,0,0,0
4277,mum,L,5,1,no,1,1,0,1,0,1,0,0,0,0,0,0,0,0,0,0,0,0,0,0,1
4278,mum,L,5,1,no,1,1,0,1,0,1,0,0,0,1,0,0,0,0,0,0,0,1,0,0,0
4279,mum,L,5,1,no,1,1,0,1,0,0,1,0,0,0,0,0,1,0,0,0,0,0,0,0,1
4280,mum,L,5,1,no,1,0,0,1,0,0,0,0,0,1,0,0,0,0,0,0,0,1,0,0,0
4281,mum,L,5,1,no,1,1,0,1,0,1,0,0,0,1,0,0,0,0,0,0,0,1,0,0,0
4286,mum,L,5,1,no,1,1,0,1,0,1,0,0,0,1,0,0,0,0,0,0,0,0,0,0,1
4294,mum,L,2,1,yes,1,1,0,1,0,1,0,0,0,0,1,0,1,0,0,0,1,0,0,0,0
4295,mum,L,2,1,yes,1,0,0,1,0,0,0,0,0,0,1,0,0,0,0,0,0,1,0,0,0
4296,mum,L,2,1,yes,1,1,0,1,0,1,0,0,0,1,0,0,0,0,0,1,0,0,0,0,0
4315,mum,L,6,1,yes,1,0,1,0,0,0,0,0,0,0,0,0,1,0,0,0,0,1,0,0,0
4316,mum,L,6,1,yes,1,0,0,1,0,0,0,0,0,0,0,0,1,0,0,0,0,1,0,0,0
4317,mum,L,6,1,yes,1,0,1,0,0,0,0,0,0,0,0,0,1,0,0,0,1,0,0,0,0
4320,mum,L,6,1,yes,1,1,0,1,0,1,0,0,0,0,0,0,1,0,1,0,0,0,0,0,0
4321,mum,L,6,1,yes,1,0,0,1,0,0,0,0,1,0,0,0,0,0,0,0,0,1,0,0,0
4322,mum,L,6,1,yes,1,0,0,1,0,0,0,0,0,0,0,0,1,0,0,0,0,0,0,0,1
4323,mum,L,6,1,yes,1,1,1,0,0,0,1,0,0,0,0,0,1,0,0,0,0,0,1,0,0
4324,mum,L,6,1,yes,1,0,0,1,0,0,0,0,0,0,0,0,0,0,0,0,0,0,0,0,1
4325,mum,L,6,1,yes,1,0,0,1,0,0,0,0,0,0,0,0,1,0,0,0,0,1,0,0,0
4326,mum,L,6,1,yes,1,1,0,1,0,1,0,0,0,0,0,0,0,0,0,0,0,0,0,0,1
4327,mum,L,6,1,yes,1,0,0,1,0,0,0,0,1,0,0,0,0,0,0,0,1,0,0,0,0
4329,mum,L,6,1,yes,1,0,0,1,0,0,0,0,0,0,0,0,1,0,0,0,0,1,0,0,0
4330,mum,L,6,1,yes,1,0,0,1,0,0,0,0,0,0,0,0,1,0,0,0,1,0,0,0,0
4332,mum,L,6,1,yes,1,0,0,1,0,0,0,0,1,0,0,0,0,0,0,0,0,0,0,0,1
4334,mum,L,6,1,yes,1,0,0,0,1,0,0,0,0,0,0,0,1,0,0,0,0,0,0,0,1
4335,mum,L,6,1,yes,1,1,1,0,0,1,0,0,0,0,0,0,1,0,0,0,0,1,0,0,0
4336,mum,L,6,1,yes,1,0,0,1,0,0,0,0,0,0,0,0,1,0,0,0,0,1,0,0,0
4344,mum,L,4,1,yes,1,0,0,1,0,0,0,0,0,0,0,0,1,0,0,0,1,0,0,0,0
4348,mum,L,4,1,yes,1,0,1,0,0,0,0,0,1,0,0,0,0,0,0,0,1,0,0,0,0
4349,mum,L,4,1,yes,1,0,0,1,0,0,0,0,0,0,1,0,0,0,0,0,0,1,0,0,0
4352,mum,L,4,1,yes,1,0,0,1,0,0,0,0,0,0,0,0,1,0,0,0,1,0,0,0,1
4354,mum,L,4,1,yes,1,0,0,1,0,0,0,0,0,0,0,0,1,0,0,0,0,1,0,0,0
4356,mum,L,4,1,yes,1,0,0,1,0,0,0,0,0,1,0,0,0,0,0,0,0,1,0,0,0
4357,mum,L,4,1,yes,1,0,0,1,0,0,0,0,0,0,0,0,1,0,0,0,0,1,0,0,0
4359,mum,L,4,1,yes,1,0,0,1,0,0,0,0,0,0,0,0,1,0,0,0,0,0,0,0,1
4361,mum,L,4,1,yes,1,1,0,1,0,1,0,0,0,0,0,0,0,0,0,0,0,0,0,0,1
4364,mum,L,3,1,no,1,0,1,0,0,0,0,0,0,0,0,0,1,0,0,0,0,1,0,0,0
4365,mum,L,3,1,no,1,0,0,1,0,0,0,0,1,0,0,0,0,0,0,0,0,1,0,0,0
4366,mum,L,3,1,no,1,0,1,0,0,0,0,0,0,0,0,0,0,0,0,0,0,0,1,0,0
4367,mum,L,3,1,no,1,1,0,1,0,0,1,0,1,0,0,0,0,0,0,0,0,1,0,0,0
4368,mum,L,3,1,no,1,0,0,1,0,0,0,0,0,0,1,0,0,0,0,0,0,1,0,0,0
4369,mum,L,3,1,no,1,0,0,1,0,0,0,0,1,0,0,0,0,0,0,0,0,1,0,0,0
4370,mum,L,3,1,no,1,0,0,1,0,0,0,0,1,0,0,0,0,0,0,0,0,1,0,0,0
4371,mum,L,3,1,no,1,0,0,1,0,0,0,0,0,0,0,0,1,0,0,0,0,1,0,0,0
4372,mum,L,3,1,no,1,1,0,1,0,1,0,0,0,1,0,0,0,0,0,0,0,1,0,0,0
4373,mum,L,3,1,no,1,1,1,0,0,1,0,0,0,0,0,0,1,0,0,0,0,1,0,0,0
4374,mum,L,3,1,no,1,0,0,1,0,0,0,0,0,0,1,0,0,0,0,0,0,1,0,0,0
4375,mum,L,3,1,no,1,1,1,0,0,0,1,0,0,0,0,0,1,0,0,0,0,1,0,0,0
4376,mum,L,3,1,no,1,0,0,1,0,0,0,0,0,0,0,0,0,0,0,0,0,0,1,0,0
4377,mum,L,3,1,no,1,0,1,0,0,0,0,0,1,0,0,0,0,0,0,0,0,1,0,0,0
3066,mum,H,1,1,no,1,0,1,0,0,0,0,0,0,1,0,0,0,0,0,0,0,0,0,0,0
3236,aph,H,5,1,no,1,0,0,1,0,0,0,0,0,0,1,0,0,0,0,0,0,0,0,0,0
3239,mum,H,5,1,no,1,0,0,1,0,0,0,0,0,1,0,0,0,0,0,0,0,0,0,0,0
3241,mum,H,5,1,no,1,0,0,1,0,0,0,0,0,1,0,0,0,0,0,0,0,0,0,0,0
3293,aph,H,1,1,no,1,0,0,1,0,0,0,0,0,0,1,0,0,0,0,0,0,0,0,0,0
3301,aph,H,1,1,no,1,1,0,1,0,1,0,0,0,1,0,0,0,0,0,0,0,0,0,0,0
3324,mum,H,1,1,no,1,1,0,1,0,1,0,0,0,0,1,0,0,0,0,0,0,0,0,0,0
3333,aph,H,1,1,no,1,1,0,1,0,1,0,0,0,1,0,0,0,0,0,0,0,0,0,0,0
3673,aph,L,4,1,yes,1,0,0,1,0,0,0,0,0,1,0,0,0,0,0,0,0,0,0,0,0
3679,aph,L,4,1,yes,1,0,0,1,0,0,0,0,0,1,0,0,0,0,0,0,0,0,0,0,0
3680,mum,L,4,1,yes,1,0,1,0,0,0,0,0,0,0,1,0,0,0,0,0,0,0,0,0,0
3734,aph,L,2,1,yes,1,1,0,0,1,1,0,0,0,0,1,0,0,0,0,0,0,0,0,0,0
3758,mum,L,2,1,yes,1,0,1,0,0,0,0,1,0,0,1,0,0,0,0,0,0,0,0,0,0
4003,mum,L,6,1,yes,1,1,0,1,0,0,1,0,0,0,1,0,0,0,0,0,0,0,0,0,0
4225,mum,L,5,1,no,1,0,0,1,0,0,0,0,0,0,1,0,0,0,0,0,0,0,0,0,0
4276,mum,L,5,1,no,1,0,1,0,0,0,0,0,0,0,1,0,0,0,0,0,0,0,0,0,0
4283,mum,L,5,1,no,1,0,0,1,0,0,0,0,0,1,0,0,0,0,0,0,0,0,0,0,0
4314,mum,L,6,1,yes,1,0,0,1,0,0,0,0,0,0,1,0,0,0,0,0,0,0,0,0,0
3998,aph,L,6,1,yes,1,1,0,1,0,0,1,0,0,1,1,0,0,1,0,0,0,0,0,0,0
3067,mum,H,1,1,no,1,1,1,0,0,1,0,0,1,0,0,0,0,0,0,0,0,0,0,0,0
3106,mum,H,1,1,no,1,0,1,0,0,0,0,0,1,0,0,0,0,0,0,0,0,0,0,0,0
3107,mum,H,1,1,no,1,0,0,1,0,0,0,0,0,0,0,0,1,0,0,0,0,0,0,0,0
3108,mum,H,1,1,no,1,0,1,0,0,0,0,0,1,0,0,0,0,0,0,0,0,0,0,0,0
3170,mum,H,3,1,no,1,0,1,0,0,0,0,0,1,0,0,0,0,0,0,0,0,0,0,0,0
3176,aph,H,3,1,no,1,1,0,1,0,0,1,0,1,0,0,0,0,0,0,0,0,0,0,0,0
3181,mum,H,3,1,no,1,0,1,0,0,0,0,0,1,0,0,0,0,0,0,0,0,0,0,0,0
3182,mum,H,3,1,no,1,0,1,0,0,0,0,0,1,0,0,0,0,0,0,0,0,0,0,0,0
3183,mum,H,3,1,no,1,0,0,1,0,0,0,0,1,0,0,0,0,0,0,0,0,0,0,0,0
3184,mum,H,3,1,no,1,0,1,0,0,0,0,0,1,0,0,0,0,0,0,0,0,0,0,0,0
3185,mum,H,3,1,no,1,1,1,0,0,1,0,0,1,0,0,0,0,0,0,0,0,0,0,0,0
3187,mum,H,3,1,no,1,1,1,0,0,1,0,0,0,0,0,0,1,0,0,0,0,0,0,0,0
3189,mum,H,3,1,no,1,1,0,1,0,1,0,0,0,0,0,0,1,0,0,0,0,0,0,0,0
3190,mum,H,3,1,no,1,1,1,0,0,1,1,0,0,0,0,0,1,0,0,0,0,0,0,0,0
3192,mum,H,3,1,no,1,0,1,0,0,0,0,0,1,0,0,0,0,0,0,0,0,0,0,0,0
3194,mum,H,3,1,no,1,0,1,0,0,0,0,0,1,0,0,0,0,0,0,0,0,0,0,0,0
3228,aph,H,5,1,no,1,1,0,1,0,0,1,0,1,0,0,0,0,0,0,0,0,0,0,0,0
3235,aph,H,5,1,no,1,1,0,1,0,1,0,0,0,0,0,0,1,0,0,0,0,0,0,0,0
3238,mum,H,5,1,no,1,0,1,0,0,0,0,1,0,0,0,0,0,0,0,0,0,0,0,0,0
3243,mum,H,5,1,no,1,0,1,0,0,0,0,0,1,0,0,0,0,0,0,0,0,0,0,0,0
3245,mum,H,5,1,no,1,0,1,0,0,0,0,0,1,0,0,0,0,0,0,0,0,0,0,0,0
3289,aph,H,1,1,no,1,1,0,1,0,0,1,0,1,0,0,0,0,0,0,0,0,0,0,0,0
3291,aph,H,1,1,no,1,1,0,1,0,1,0,0,1,0,0,0,0,0,0,0,0,0,0,0,0
3309,aph,H,1,1,no,1,1,1,0,0,1,0,0,1,0,0,0,0,0,0,0,0,0,0,0,0
3313,mum,H,1,1,no,1,0,1,0,0,0,0,0,1,0,0,0,0,0,0,0,0,0,0,0,0
3316,mum,H,1,1,no,1,0,1,0,0,0,0,0,1,0,0,0,0,0,0,0,0,0,0,0,0
3319,mum,H,1,1,no,1,0,1,0,0,0,0,0,1,0,0,0,0,0,0,0,0,0,0,0,0
3323,mum,H,1,1,no,1,1,1,0,0,1,0,0,0,0,0,0,1,0,0,0,0,0,0,0,0
3326,mum,H,1,1,no,1,1,1,0,0,1,0,0,1,0,0,0,0,0,0,0,0,0,0,0,0
3331,aph,H,1,1,no,1,1,0,1,0,0,1,0,0,0,0,0,1,0,0,0,0,0,0,0,0
3362,mum,H,4,1,yes,1,0,1,0,0,0,0,1,1,0,0,0,0,0,0,0,0,0,0,0,0
3366,mum,H,4,1,yes,1,0,1,0,0,0,0,0,1,0,0,0,0,0,0,0,0,0,0,0,0
3367,mum,H,4,1,yes,1,1,1,0,0,1,0,0,1,0,0,0,0,0,0,0,0,0,0,0,0
3368,mum,H,4,1,yes,1,1,1,0,0,0,1,0,0,0,0,0,1,0,0,0,0,0,0,0,0
3471,aph,H,6,1,yes,1,1,1,0,0,1,0,0,1,0,0,0,0,0,0,0,0,0,0,0,0
3554,aph,H,6,1,yes,1,0,0,1,0,0,0,0,1,0,0,0,0,0,0,0,0,0,0,0,0
3651,aph,L,4,1,yes,1,1,1,0,0,1,1,0,1,0,0,0,1,0,0,0,0,0,0,0,0
3654,aph,L,4,1,yes,1,1,1,0,0,0,1,0,1,0,0,0,0,0,0,0,0,0,0,0,0
3664,mum,L,4,1,yes,1,0,1,0,0,0,0,0,0,0,0,0,1,0,0,0,0,0,0,0,0
3669,mum,L,4,1,yes,1,0,0,1,0,0,0,0,0,0,0,0,1,0,0,0,0,0,0,0,0
3670,mum,L,4,1,yes,1,1,1,0,0,0,1,0,1,0,0,0,0,0,0,0,0,0,0,0,0
3671,mum,L,4,1,yes,1,0,1,0,0,0,0,0,1,0,0,0,0,0,0,0,0,0,0,0,0
3672,mum,L,4,1,yes,1,0,1,0,0,0,0,0,1,0,0,0,0,0,0,0,0,0,0,0,0
3714,aph,L,2,1,yes,1,1,1,0,0,1,1,1,0,0,0,0,1,0,0,0,0,0,0,0,0
3751,aph,L,2,1,yes,1,0,0,0,1,0,0,1,0,0,0,0,0,0,0,0,0,0,0,0,0
3771,aph,L,2,1,yes,1,1,1,0,0,1,1,0,1,0,0,0,0,0,0,0,0,0,0,0,0
3816,aph,L,1,1,no,1,1,1,0,0,1,0,0,1,0,0,0,0,0,0,0,0,0,0,0,0
3820,aph,L,1,1,no,1,1,1,0,0,1,1,0,1,0,0,0,0,0,0,0,0,0,0,0,0
3832,aph,L,1,1,no,1,1,1,0,0,1,1,0,1,0,0,0,0,0,0,0,0,0,0,0,0
3834,mum,L,1,1,no,1,1,0,1,0,1,0,0,0,0,0,0,1,0,0,0,0,0,0,0,0
3884,mum,L,1,1,no,1,1,1,0,0,1,0,1,0,0,0,0,0,0,0,0,0,0,0,0,0
3889,mum,L,1,1,no,1,0,0,0,1,0,0,0,0,0,0,0,1,0,0,0,0,0,0,0,0
3890,mum,L,1,1,no,1,1,1,0,0,1,0,0,1,0,0,0,0,0,0,0,0,0,0,0,0
3930,aph,L,6,1,yes,1,1,1,0,0,0,1,0,1,0,0,0,0,0,0,0,0,0,0,0,0
3931,aph,L,6,1,yes,1,1,1,0,0,0,1,0,1,0,0,0,0,0,0,0,0,0,0,0,0
3940,mum,L,6,1,yes,1,0,0,1,0,0,0,0,1,0,0,0,0,0,0,0,0,0,0,0,0
4074,aph,L,3,1,no,1,1,1,0,0,1,1,0,1,0,0,0,0,0,0,0,0,0,0,0,0
4080,mum,L,3,1,no,1,0,1,0,0,0,0,0,0,0,0,0,1,0,0,0,0,0,0,0,0
4083,mum,L,3,1,no,1,0,1,0,0,0,0,0,0,0,0,1,0,0,0,0,0,0,0,0,0
4086,mum,L,3,1,no,1,0,0,1,0,0,0,1,0,0,0,0,0,0,0,0,0,0,0,0,0
4184,aph,L,5,1,no,1,1,0,0,1,1,0,0,1,0,0,0,0,0,0,0,0,0,0,0,0
4187,aph,L,5,1,no,1,0,0,0,1,0,0,1,0,0,0,0,0,0,0,0,0,0,0,0,0
4189,aph,L,5,1,no,1,0,0,0,1,0,0,1,0,0,0,0,0,0,0,0,0,0,0,0,0
4215,aph,L,5,1,no,1,0,1,0,0,0,0,0,1,0,0,0,0,0,0,0,0,0,0,0,0
4228,aph,L,5,1,no,1,1,0,1,0,0,1,0,1,0,0,0,0,0,0,0,0,0,0,0,0
4270,mum,L,5,1,no,1,0,0,1,0,0,0,0,0,0,0,0,1,0,0,0,0,0,0,0,0
4282,mum,L,5,1,no,1,1,1,0,0,1,0,0,0,0,0,0,1,0,0,0,0,0,0,0,0
4284,mum,L,5,1,no,1,0,0,1,0,0,0,0,0,0,0,0,1,0,0,0,0,0,0,0,0
4285,mum,L,5,1,no,1,0,0,1,0,0,0,0,1,0,0,0,0,0,0,0,0,0,0,0,0
4287,mum,L,5,1,no,1,0,0,1,0,0,0,0,0,0,0,0,1,0,0,0,0,0,0,0,0
4297,mum,L,2,1,yes,1,1,1,0,0,1,0,0,0,0,0,0,1,0,0,0,0,0,0,0,0
4328,mum,L,6,1,yes,1,0,0,1,0,0,0,0,0,0,0,0,1,0,0,0,0,0,0,0,0
4331,mum,L,6,1,yes,1,1,0,1,0,1,0,0,1,0,0,0,0,0,0,0,0,0,0,0,0
4333,mum,L,6,1,yes,1,0,0,1,0,0,0,0,0,0,0,0,1,0,0,0,0,0,0,0,0
4345,mum,L,4,1,yes,1,0,1,0,0,0,0,0,1,0,0,0,0,0,0,0,0,0,0,0,0
4346,mum,L,4,1,yes,1,1,0,1,0,1,0,0,1,0,0,0,0,0,0,0,0,0,0,0,0
4347,mum,L,4,1,yes,1,0,1,0,0,0,0,0,0,0,0,0,1,0,0,0,0,0,0,0,0
4353,mum,L,4,1,yes,1,0,0,1,0,0,0,0,0,0,0,0,1,0,0,0,0,0,0,0,0
4358,mum,L,4,1,yes,1,1,0,1,0,1,0,0,1,0,0,0,0,0,0,0,0,0,0,0,0
3050,aph,H,1,1,no,0,1,1,0,0,0,1,0,0,0,0,0,0,0,0,0,0,0,0,0,0
3051,aph,H,1,1,no,0,1,1,0,0,1,1,0,0,0,0,0,0,0,0,0,0,0,0,0,0
3052,aph,H,1,1,no,0,1,1,0,0,1,1,0,0,0,0,0,0,0,0,0,0,0,0,0,0
3053,aph,H,1,1,no,0,1,1,0,0,1,0,0,0,0,0,0,0,0,0,0,0,0,0,0,0
3054,aph,H,1,1,no,0,1,1,0,0,1,0,0,0,0,0,0,0,0,0,0,0,0,0,0,0
3055,aph,H,1,1,no,0,1,1,0,0,1,1,0,0,0,0,0,0,0,0,0,0,0,0,0,0
3056,aph,H,1,1,no,0,1,1,0,0,1,1,0,0,0,0,0,0,0,0,0,0,0,0,0,0
3057,aph,H,1,1,no,0,1,1,0,0,0,1,0,0,0,0,0,0,0,0,0,0,0,0,0,0
3058,aph,H,1,1,no,0,1,1,0,0,0,1,0,0,0,0,0,0,0,0,0,0,0,0,0,0
3059,aph,H,1,1,no,0,1,1,0,0,1,1,0,0,0,0,0,0,0,0,0,0,0,0,0,0
3060,aph,H,1,1,no,0,1,1,0,0,1,1,0,0,0,0,0,0,0,0,0,0,0,0,0,0
3062,mum,H,1,1,no,1,1,1,0,0,0,1,0,0,0,0,0,0,0,0,0,0,0,0,0,0
3063,mum,H,1,1,no,1,1,1,0,0,0,1,0,0,0,0,0,0,0,0,0,0,0,0,0,0
3069,aph,H,1,1,no,0,0,0,0,1,0,0,0,0,0,0,0,0,0,0,0,0,0,0,0,0
3070,aph,H,1,1,no,0,1,0,0,1,1,0,0,0,0,0,0,0,0,0,0,0,0,0,0,0
3071,aph,H,1,1,no,0,0,0,0,1,0,0,0,0,0,0,0,0,0,0,0,0,0,0,0,0
3072,aph,H,1,1,no,0,0,0,0,1,0,0,0,0,0,0,0,0,0,0,0,0,0,0,0,0
3073,aph,H,1,1,no,0,0,0,0,1,0,0,0,0,0,0,0,0,0,0,0,0,0,0,0,0
3074,aph,H,1,1,no,0,0,0,0,1,0,0,0,0,0,0,0,0,0,0,0,0,0,0,0,0
3075,aph,H,1,1,no,0,0,0,0,1,0,0,0,0,0,0,0,0,0,0,0,0,0,0,0,0
3076,aph,H,1,1,no,0,0,0,0,1,0,0,0,0,0,0,0,0,0,0,0,0,0,0,0,0
3077,aph,H,1,1,no,0,0,0,0,1,0,0,0,0,0,0,0,0,0,0,0,0,0,0,0,0
3078,aph,H,1,1,no,0,0,0,0,1,0,0,0,0,0,0,0,0,0,0,0,0,0,0,0,0
3079,aph,H,1,1,no,0,0,0,0,1,0,0,0,0,0,0,0,0,0,0,0,0,0,0,0,0
3080,aph,H,1,1,no,0,0,0,0,1,0,0,0,0,0,0,0,0,0,0,0,0,0,0,0,0
3081,aph,H,1,1,no,0,0,0,0,1,0,0,0,0,0,0,0,0,0,0,0,0,0,0,0,0
3082,aph,H,1,1,no,0,0,0,0,1,0,0,0,0,0,0,0,0,0,0,0,0,0,0,0,0
3083,aph,H,1,1,no,0,0,0,0,1,0,0,0,0,0,0,0,0,0,0,0,0,0,0,0,0
3084,aph,H,1,1,no,0,0,0,0,1,0,0,0,0,0,0,0,0,0,0,0,0,0,0,0,0
3085,aph,H,1,1,no,0,1,0,0,1,1,0,0,0,0,0,0,0,0,0,0,0,0,0,0,0
3086,aph,H,1,1,no,0,0,0,0,1,0,0,0,0,0,0,0,0,0,0,0,0,0,0,0,0
3087,aph,H,1,1,no,0,0,0,0,1,0,0,0,0,0,0,0,0,0,0,0,0,0,0,0,0
3088,aph,H,1,1,no,0,0,0,0,1,0,0,0,0,0,0,0,0,0,0,0,0,0,0,0,0
3089,aph,H,1,1,no,0,0,0,0,1,0,0,0,0,0,0,0,0,0,0,0,0,0,0,0,0
3090,aph,H,1,1,no,0,1,0,0,1,1,0,0,0,0,0,0,0,0,0,0,0,0,0,0,0
3091,aph,H,1,1,no,0,0,0,0,1,0,0,0,0,0,0,0,0,0,0,0,0,0,0,0,0
3092,aph,H,1,1,no,0,0,0,0,1,0,0,0,0,0,0,0,0,0,0,0,0,0,0,0,0
3093,aph,H,1,1,no,0,0,0,0,1,0,0,0,0,0,0,0,0,0,0,0,0,0,0,0,0
3094,aph,H,1,1,no,0,0,0,0,1,0,0,0,0,0,0,0,0,0,0,0,0,0,0,0,0
3095,aph,H,1,1,no,0,1,0,0,1,1,0,0,0,0,0,0,0,0,0,0,0,0,0,0,0
3096,aph,H,1,1,no,0,0,0,0,1,0,0,0,0,0,0,0,0,0,0,0,0,0,0,0,0
3097,aph,H,1,1,no,0,1,0,0,1,1,0,0,0,0,0,0,0,0,0,0,0,0,0,0,0
3098,aph,H,1,1,no,0,0,0,0,1,0,0,0,0,0,0,0,0,0,0,0,0,0,0,0,0
3099,aph,H,1,1,no,0,1,0,0,1,1,0,0,0,0,0,0,0,0,0,0,0,0,0,0,0
3100,aph,H,1,1,no,0,1,1,0,0,1,0,0,0,0,0,0,0,0,0,0,0,0,0,0,0
3101,aph,H,1,1,no,0,0,0,0,1,0,0,0,0,0,0,0,0,0,0,0,0,0,0,0,0
3102,aph,H,1,1,no,0,1,0,1,0,1,0,0,0,0,0,0,0,0,0,0,0,0,0,0,0
3103,aph,H,1,1,no,0,1,0,1,0,1,0,0,0,0,0,0,0,0,0,0,0,0,0,0,0
3104,aph,H,1,1,no,0,1,0,1,0,1,0,0,0,0,0,0,0,0,0,0,0,0,0,0,0
3136,aph,H,3,1,no,0,1,1,0,0,0,1,0,0,0,0,0,0,0,0,0,0,0,0,0,0
3137,aph,H,3,1,no,0,1,1,0,0,0,1,0,0,0,0,0,0,0,0,0,0,0,0,0,0
3138,aph,H,3,1,no,0,1,1,0,0,0,1,0,0,0,0,0,0,0,0,0,0,0,0,0,0
3139,aph,H,3,1,no,0,1,1,0,0,0,1,0,0,0,0,0,0,0,0,0,0,0,0,0,0
3140,aph,H,3,1,no,0,1,1,0,0,0,1,0,0,0,0,0,0,0,0,0,0,0,0,0,0
3141,aph,H,3,1,no,0,1,1,0,0,0,1,0,0,0,0,0,0,0,0,0,0,0,0,0,0
3142,aph,H,3,1,no,0,1,1,0,0,0,1,0,0,0,0,0,0,0,0,0,0,0,0,0,0
3143,aph,H,3,1,no,0,1,1,0,0,0,1,0,0,0,0,0,0,0,0,0,0,0,0,0,0
3144,aph,H,3,1,no,0,1,1,0,0,0,1,0,0,0,0,0,0,0,0,0,0,0,0,0,0
3145,aph,H,3,1,no,0,1,1,0,0,0,1,0,0,0,0,0,0,0,0,0,0,0,0,0,0
3146,aph,H,3,1,no,0,1,1,0,0,0,1,0,0,0,0,0,0,0,0,0,0,0,0,0,0
3147,aph,H,3,1,no,0,1,1,0,0,0,1,0,0,0,0,0,0,0,0,0,0,0,0,0,0
3148,aph,H,3,1,no,0,1,1,0,0,0,1,0,0,0,0,0,0,0,0,0,0,0,0,0,0
3149,aph,H,3,1,no,0,1,1,0,0,0,1,0,0,0,0,0,0,0,0,0,0,0,0,0,0
3150,aph,H,3,1,no,0,1,1,0,0,0,1,0,0,0,0,0,0,0,0,0,0,0,0,0,0
3151,aph,H,3,1,no,0,1,1,0,0,0,1,0,0,0,0,0,0,0,0,0,0,0,0,0,0
3152,aph,H,3,1,no,0,1,1,0,0,0,1,0,0,0,0,0,0,0,0,0,0,0,0,0,0
3153,aph,H,3,1,no,0,1,1,0,0,0,1,0,0,0,0,0,0,0,0,0,0,0,0,0,0
3154,aph,H,3,1,no,0,1,1,0,0,0,1,0,0,0,0,0,0,0,0,0,0,0,0,0,0
3155,aph,H,3,1,no,0,1,1,0,0,0,1,0,0,0,0,0,0,0,0,0,0,0,0,0,0
3156,aph,H,3,1,no,0,0,1,0,0,0,0,0,0,0,0,0,0,0,0,0,0,0,0,0,0
3157,aph,H,3,1,no,0,1,1,0,0,0,1,0,0,0,0,0,0,0,0,0,0,0,0,0,0
3158,aph,H,3,1,no,0,1,1,0,0,0,1,0,0,0,0,0,0,0,0,0,0,0,0,0,0
3159,aph,H,3,1,no,0,1,1,0,0,0,1,0,0,0,0,0,0,0,0,0,0,0,0,0,0
3160,aph,H,3,1,no,0,1,1,0,0,0,1,0,0,0,0,0,0,0,0,0,0,0,0,0,0
3161,aph,H,3,1,no,0,1,1,0,0,0,1,0,0,0,0,0,0,0,0,0,0,0,0,0,0
3168,aph,H,3,1,no,0,1,0,1,0,0,1,0,0,0,0,0,0,0,0,0,0,0,0,0,0
3169,aph,H,3,1,no,0,1,0,1,0,0,1,0,0,0,0,0,0,0,0,0,0,0,0,0,0
3173,aph,H,3,1,no,0,0,0,1,0,0,0,0,0,0,0,0,0,0,0,0,0,0,0,0,0
3174,aph,H,3,1,no,0,0,0,1,0,0,0,0,0,0,0,0,0,0,0,0,0,0,0,0,0
3175,aph,H,3,1,no,0,0,0,1,0,0,0,0,0,0,0,0,0,0,0,0,0,0,0,0,0
3177,aph,H,3,1,no,0,0,0,1,0,0,0,0,0,0,0,0,0,0,0,0,0,0,0,0,0
3178,aph,H,3,1,no,0,0,0,1,0,0,0,0,0,0,0,0,0,0,0,0,0,0,0,0,0
3179,aph,H,3,1,no,0,1,0,1,0,0,1,0,0,0,0,0,0,0,0,0,0,0,0,0,0
3180,aph,H,3,1,no,0,1,0,1,0,0,1,0,0,0,0,0,0,0,0,0,0,0,0,0,0
3188,mum,H,3,1,no,1,0,1,0,0,0,0,0,0,0,0,0,0,0,0,0,0,0,0,0,0
3193,mum,H,3,1,no,1,0,1,0,0,0,0,0,0,0,0,0,0,0,0,0,0,0,0,0,0
3226,aph,H,5,1,no,0,1,0,1,0,0,1,0,0,0,0,0,0,0,0,0,0,0,0,0,0
3227,aph,H,5,1,no,0,1,0,1,0,1,0,0,0,0,0,0,0,0,0,0,0,0,0,0,0
3229,aph,H,5,1,no,0,1,0,1,0,1,0,0,0,0,0,0,0,0,0,0,0,0,0,0,0
3230,aph,H,5,1,no,0,1,0,1,0,0,1,0,0,0,0,0,0,0,0,0,0,0,0,0,0
3231,aph,H,5,1,no,0,1,0,1,0,0,1,0,0,0,0,0,0,0,0,0,0,0,0,0,0
3232,aph,H,5,1,no,0,1,0,1,0,1,0,0,0,0,0,0,0,0,0,0,0,0,0,0,0
3233,aph,H,5,1,no,0,1,0,1,0,1,0,0,0,0,0,0,0,0,0,0,0,0,0,0,0
3234,aph,H,5,1,no,0,1,0,1,0,1,0,0,0,0,0,0,0,0,0,0,0,0,0,0,0
3237,aph,H,5,1,no,0,1,0,1,0,0,1,0,0,0,0,0,0,0,0,0,0,0,0,0,0
3240,mum,H,5,1,no,1,0,1,0,0,0,0,0,0,0,0,0,0,0,0,0,0,0,0,0,0
3285,aph,H,5,1,no,0,0,0,1,0,0,0,0,0,0,0,0,0,0,0,0,0,0,0,0,0
3290,aph,H,1,1,no,0,1,0,1,0,0,1,0,0,0,0,0,0,0,0,0,0,0,0,0,0
3292,aph,H,1,1,no,0,1,0,1,0,0,1,0,0,0,0,0,0,0,0,0,0,0,0,0,0
3294,aph,H,1,1,no,0,0,0,1,0,0,0,0,0,0,0,0,0,0,0,0,0,0,0,0,0
3295,aph,H,1,1,no,0,1,0,1,0,0,1,0,0,0,0,0,0,0,0,0,0,0,0,0,0
3296,aph,H,1,1,no,0,1,0,1,0,1,0,0,0,0,0,0,0,0,0,0,0,0,0,0,0
3297,aph,H,1,1,no,0,0,0,1,0,0,0,0,0,0,0,0,0,0,0,0,0,0,0,0,0
3298,aph,H,1,1,no,0,0,0,1,0,0,0,0,0,0,0,0,0,0,0,0,0,0,0,0,0
3299,aph,H,1,1,no,0,0,0,1,0,0,0,0,0,0,0,0,0,0,0,0,0,0,0,0,0
3300,aph,H,1,1,no,0,0,0,1,0,0,0,0,0,0,0,0,0,0,0,0,0,0,0,0,0
3302,aph,H,1,1,no,0,1,0,1,0,0,1,0,0,0,0,0,0,0,0,0,0,0,0,0,0
3303,aph,H,1,1,no,0,1,0,1,0,1,0,0,0,0,0,0,0,0,0,0,0,0,0,0,0
3304,aph,H,1,1,no,0,0,0,1,0,0,0,0,0,0,0,0,0,0,0,0,0,0,0,0,0
3305,aph,H,1,1,no,0,0,0,1,0,0,0,0,0,0,0,0,0,0,0,0,0,0,0,0,0
3306,aph,H,1,1,no,0,1,0,1,0,0,1,0,0,0,0,0,0,0,0,0,0,0,0,0,0
3307,aph,H,1,1,no,0,0,0,1,0,0,0,0,0,0,0,0,0,0,0,0,0,0,0,0,0
3308,aph,H,1,1,no,0,1,1,0,0,1,1,0,0,0,0,0,0,0,0,0,0,0,0,0,0
3310,aph,H,1,1,no,0,1,1,0,0,1,1,0,0,0,0,0,0,0,0,0,0,0,0,0,0
3311,aph,H,1,1,no,0,1,1,0,0,1,1,0,0,0,0,0,0,0,0,0,0,0,0,0,0
3315,mum,H,1,1,no,1,0,0,1,0,0,0,0,0,0,0,0,0,0,0,0,0,0,0,0,0
3318,mum,H,1,1,no,1,0,1,0,0,0,0,0,0,0,0,0,0,0,0,0,0,0,0,0,0
3327,aph,H,1,1,no,0,1,1,0,0,1,0,0,0,0,0,0,0,0,0,0,0,0,0,0,0
3328,aph,H,1,1,no,0,1,1,0,0,1,0,0,0,0,0,0,0,0,0,0,0,0,0,0,0
3329,aph,H,1,1,no,0,0,0,1,0,0,0,0,0,0,0,0,0,0,0,0,0,0,0,0,0
3330,aph,H,1,1,no,0,0,0,1,0,0,0,0,0,0,0,0,0,0,0,0,0,0,0,0,0
3332,aph,H,1,1,no,0,1,0,1,0,1,0,0,0,0,0,0,0,0,0,0,0,0,0,0,0
3334,aph,H,1,1,no,0,0,0,1,0,0,0,0,0,0,0,0,0,0,0,0,0,0,0,0,0
3335,aph,H,1,1,no,0,0,0,1,0,0,0,0,0,0,0,0,0,0,0,0,0,0,0,0,0
3351,aph,H,4,1,yes,0,1,1,0,0,0,1,0,0,0,0,0,0,0,0,0,0,0,0,0,0
3352,aph,H,4,1,yes,0,1,1,0,0,0,1,0,0,0,0,0,0,0,0,0,0,0,0,0,0
3353,aph,H,4,1,yes,0,1,1,0,0,0,1,0,0,0,0,0,0,0,0,0,0,0,0,0,0
3354,aph,H,4,1,yes,0,1,1,0,0,1,1,0,0,0,0,0,0,0,0,0,0,0,0,0,0
3355,aph,H,4,1,yes,0,1,1,0,0,1,0,0,0,0,0,0,0,0,0,0,0,0,0,0,0
3356,aph,H,4,1,yes,0,1,1,0,0,1,1,0,0,0,0,0,0,0,0,0,0,0,0,0,0
3357,aph,H,4,1,yes,0,1,1,0,0,1,1,0,0,0,0,0,0,0,0,0,0,0,0,0,0
3358,aph,H,4,1,yes,0,1,1,0,0,1,1,0,0,0,0,0,0,0,0,0,0,0,0,0,0
3359,aph,H,4,1,yes,0,1,1,0,0,0,1,0,0,0,0,0,0,0,0,0,0,0,0,0,0
3360,aph,H,4,1,yes,0,1,1,0,0,1,1,0,0,0,0,0,0,0,0,0,0,0,0,0,0
3361,aph,H,4,1,yes,0,1,1,0,0,1,1,0,0,0,0,0,0,0,0,0,0,0,0,0,0
3467,aph,H,6,1,yes,0,1,1,0,0,1,0,0,0,0,0,0,0,0,0,0,0,0,0,0,0
3468,aph,H,6,1,yes,0,1,1,0,0,1,0,0,0,0,0,0,0,0,0,0,0,0,0,0,0
3469,aph,H,6,1,yes,0,1,1,0,0,1,1,0,0,0,0,0,0,0,0,0,0,0,0,0,0
3470,aph,H,6,1,yes,0,0,1,0,0,0,0,0,0,0,0,0,0,0,0,0,0,0,0,0,0
3472,aph,H,6,1,yes,0,1,1,0,0,1,1,0,0,0,0,0,0,0,0,0,0,0,0,0,0
3473,aph,H,6,1,yes,0,1,1,0,0,0,1,0,0,0,0,0,0,0,0,0,0,0,0,0,0
3474,aph,H,6,1,yes,0,1,1,0,0,0,1,0,0,0,0,0,0,0,0,0,0,0,0,0,0
3475,aph,H,6,1,yes,0,1,1,0,0,0,1,0,0,0,0,0,0,0,0,0,0,0,0,0,0
3476,aph,H,6,1,yes,0,1,1,0,0,0,1,0,0,0,0,0,0,0,0,0,0,0,0,0,0
3477,aph,H,6,1,yes,0,0,1,0,0,0,0,0,0,0,0,0,0,0,0,0,0,0,0,0,0
3478,aph,H,6,1,yes,0,1,1,0,0,0,1,0,0,0,0,0,0,0,0,0,0,0,0,0,0
3479,aph,H,6,1,yes,0,1,1,0,0,1,1,0,0,0,0,0,0,0,0,0,0,0,0,0,0
3551,aph,H,6,1,yes,0,1,0,1,0,1,0,0,0,0,0,0,0,0,0,0,0,0,0,0,0
3552,aph,H,6,1,yes,0,1,0,1,0,0,1,0,0,0,0,0,0,0,0,0,0,0,0,0,0
3553,aph,H,6,1,yes,0,0,0,1,0,0,0,0,0,0,0,0,0,0,0,0,0,0,0,0,0
3555,aph,H,6,1,yes,0,1,0,1,0,0,1,0,0,0,0,0,0,0,0,0,0,0,0,0,0
3556,aph,H,6,1,yes,0,1,0,1,0,0,1,0,0,0,0,0,0,0,0,0,0,0,0,0,0
3557,aph,H,6,1,yes,0,0,0,1,0,0,0,0,0,0,0,0,0,0,0,0,0,0,0,0,0
3558,aph,H,6,1,yes,0,1,0,1,0,0,1,0,0,0,0,0,0,0,0,0,0,0,0,0,0
3650,aph,L,4,1,yes,0,1,1,0,0,1,1,0,0,0,0,0,0,0,0,0,0,0,0,0,0
3652,aph,L,4,1,yes,0,1,1,0,0,0,1,0,0,0,0,0,0,0,0,0,0,0,0,0,0
3653,aph,L,4,1,yes,0,1,1,0,0,1,1,0,0,0,0,0,0,0,0,0,0,0,0,0,0
3655,aph,L,4,1,yes,0,1,1,0,0,0,1,0,0,0,0,0,0,0,0,0,0,0,0,0,0
3657,aph,L,4,1,yes,0,1,1,0,0,1,1,0,0,0,0,0,0,0,0,0,0,0,0,0,0
3658,aph,L,4,1,yes,0,1,1,0,0,0,1,0,0,0,0,0,0,0,0,0,0,0,0,0,0
3659,aph,L,4,1,yes,0,1,1,0,0,1,1,0,0,0,0,0,0,0,0,0,0,0,0,0,0
3660,aph,L,4,1,yes,0,1,1,0,0,0,1,0,0,0,0,0,0,0,0,0,0,0,0,0,0
3661,aph,L,4,1,yes,0,1,1,0,0,1,1,0,0,0,0,0,0,0,0,0,0,0,0,0,0
3662,aph,L,4,1,yes,0,1,1,0,0,0,1,0,0,0,0,0,0,0,0,0,0,0,0,0,0
3663,aph,L,4,1,yes,0,1,1,0,0,1,1,0,0,0,0,0,0,0,0,0,0,0,0,0,0
3668,mum,L,4,1,yes,1,0,1,0,0,0,0,0,0,0,0,0,0,0,0,0,0,0,0,0,0
3674,aph,L,4,1,yes,0,0,0,1,0,0,0,0,0,0,0,0,0,0,0,0,0,0,0,0,0
3675,aph,L,4,1,yes,0,1,0,1,0,0,1,0,0,0,0,0,0,0,0,0,0,0,0,0,0
3676,aph,L,4,1,yes,0,0,0,1,0,0,0,0,0,0,0,0,0,0,0,0,0,0,0,0,0
3677,aph,L,4,1,yes,0,1,0,1,0,0,1,0,0,0,0,0,0,0,0,0,0,0,0,0,0
3678,aph,L,4,1,yes,0,0,0,1,0,0,0,0,0,0,0,0,0,0,0,0,0,0,0,0,0
3715,aph,L,2,1,yes,0,1,1,0,0,1,1,0,0,0,0,0,0,0,0,0,0,0,0,0,0
3716,aph,L,2,1,yes,0,1,1,0,0,1,1,0,0,0,0,0,0,0,0,0,0,0,0,0,0
3717,aph,L,2,1,yes,0,1,1,0,0,1,1,0,0,0,0,0,0,0,0,0,0,0,0,0,0
3718,aph,L,2,1,yes,0,1,1,0,0,1,1,0,0,0,0,0,0,0,0,0,0,0,0,0,0
3719,aph,L,2,1,yes,0,1,1,0,0,0,1,0,0,0,0,0,0,0,0,0,0,0,0,0,0
3720,aph,L,2,1,yes,0,1,1,0,0,1,1,0,0,0,0,0,0,0,0,0,0,0,0,0,0
3721,aph,L,2,1,yes,0,1,1,0,0,0,1,0,0,0,0,0,0,0,0,0,0,0,0,0,0
3722,aph,L,2,1,yes,0,1,1,0,0,1,1,0,0,0,0,0,0,0,0,0,0,0,0,0,0
3723,aph,L,2,1,yes,0,1,1,0,0,1,1,0,0,0,0,0,0,0,0,0,0,0,0,0,0
3724,aph,L,2,1,yes,0,1,1,0,0,1,1,0,0,0,0,0,0,0,0,0,0,0,0,0,0
3725,aph,L,2,1,yes,0,0,0,0,1,0,0,0,0,0,0,0,0,0,0,0,0,0,0,0,0
3726,aph,L,2,1,yes,0,1,0,0,1,1,1,0,0,0,0,0,0,0,0,0,0,0,0,0,0
3727,aph,L,2,1,yes,0,1,0,0,1,1,0,0,0,0,0,0,0,0,0,0,0,0,0,0,0
3728,aph,L,2,1,yes,0,0,0,0,1,0,0,0,0,0,0,0,0,0,0,0,0,0,0,0,0
3729,aph,L,2,1,yes,0,0,0,0,1,0,0,0,0,0,0,0,0,0,0,0,0,0,0,0,0
3730,aph,L,2,1,yes,0,0,0,0,1,0,0,0,0,0,0,0,0,0,0,0,0,0,0,0,0
3731,aph,L,2,1,yes,0,1,0,0,1,1,0,0,0,0,0,0,0,0,0,0,0,0,0,0,0
3732,aph,L,2,1,yes,0,0,0,0,1,0,0,0,0,0,0,0,0,0,0,0,0,0,0,0,0
3733,aph,L,2,1,yes,0,1,0,0,1,1,0,0,0,0,0,0,0,0,0,0,0,0,0,0,0
3735,aph,L,2,1,yes,0,0,0,0,1,0,0,0,0,0,0,0,0,0,0,0,0,0,0,0,0
3736,aph,L,2,1,yes,0,0,0,0,1,0,0,0,0,0,0,0,0,0,0,0,0,0,0,0,0
3737,aph,L,2,1,yes,0,0,0,0,1,0,0,0,0,0,0,0,0,0,0,0,0,0,0,0,0
3738,aph,L,2,1,yes,0,0,0,0,1,0,0,0,0,0,0,0,0,0,0,0,0,0,0,0,0
3739,aph,L,2,1,yes,0,0,0,0,1,0,0,0,0,0,0,0,0,0,0,0,0,0,0,0,0
3740,aph,L,2,1,yes,0,0,0,0,1,0,0,0,0,0,0,0,0,0,0,0,0,0,0,0,0
3741,aph,L,2,1,yes,0,1,0,0,1,1,0,0,0,0,0,0,0,0,0,0,0,0,0,0,0
3742,aph,L,2,1,yes,0,0,0,0,1,0,0,0,0,0,0,0,0,0,0,0,0,0,0,0,0
3743,aph,L,2,1,yes,0,1,0,0,1,1,0,0,0,0,0,0,0,0,0,0,0,0,0,0,0
3744,aph,L,2,1,yes,0,1,0,0,1,1,0,0,0,0,0,0,0,0,0,0,0,0,0,0,0
3745,aph,L,2,1,yes,0,0,0,0,1,0,0,0,0,0,0,0,0,0,0,0,0,0,0,0,0
3746,aph,L,2,1,yes,0,0,0,0,1,0,0,0,0,0,0,0,0,0,0,0,0,0,0,0,0
3747,aph,L,2,1,yes,0,0,0,0,1,0,0,0,0,0,0,0,0,0,0,0,0,0,0,0,0
3748,aph,L,2,1,yes,0,0,0,0,1,0,0,0,0,0,0,0,0,0,0,0,0,0,0,0,0
3749,aph,L,2,1,yes,0,0,0,0,1,0,0,0,0,0,0,0,0,0,0,0,0,0,0,0,0
3750,aph,L,2,1,yes,0,1,0,0,1,1,0,0,0,0,0,0,0,0,0,0,0,0,0,0,0
3752,aph,L,2,1,yes,0,0,0,0,1,0,0,0,0,0,0,0,0,0,0,0,0,0,0,0,0
3753,aph,L,2,1,yes,0,0,0,0,1,0,0,0,0,0,0,0,0,0,0,0,0,0,0,0,0
3754,aph,L,2,1,yes,0,1,0,0,1,1,0,0,0,0,0,0,0,0,0,0,0,0,0,0,0
3755,aph,L,2,1,yes,0,1,0,0,1,1,0,0,0,0,0,0,0,0,0,0,0,0,0,0,0
3759,mum,L,2,1,yes,1,0,1,0,0,0,0,0,0,0,0,0,0,0,0,0,0,0,0,0,0
3763,aph,L,2,1,yes,0,1,1,0,0,1,0,0,0,0,0,0,0,0,0,0,0,0,0,0,0
3764,aph,L,2,1,yes,0,1,1,0,0,1,0,0,0,0,0,0,0,0,0,0,0,0,0,0,0
3765,aph,L,2,1,yes,0,1,1,0,0,1,1,0,0,0,0,0,0,0,0,0,0,0,0,0,0
3766,aph,L,2,1,yes,0,1,1,0,0,1,1,0,0,0,0,0,0,0,0,0,0,0,0,0,0
3768,aph,L,2,1,yes,0,1,1,0,0,1,0,0,0,0,0,0,0,0,0,0,0,0,0,0,0
3769,aph,L,2,1,yes,0,1,1,0,0,1,0,0,0,0,0,0,0,0,0,0,0,0,0,0,0
3770,aph,L,2,1,yes,0,1,1,0,0,0,1,0,0,0,0,0,0,0,0,0,0,0,0,0,0
3772,aph,L,2,1,yes,0,1,1,0,0,1,1,0,0,0,0,0,0,0,0,0,0,0,0,0,0
3773,aph,L,2,1,yes,0,1,1,0,0,1,1,0,0,0,0,0,0,0,0,0,0,0,0,0,0
3774,aph,L,2,1,yes,0,1,1,0,0,1,0,0,0,0,0,0,0,0,0,0,0,0,0,0,0
3775,aph,L,2,1,yes,0,1,1,0,0,0,1,0,0,0,0,0,0,0,0,0,0,0,0,0,0
3776,aph,L,2,1,yes,0,1,1,0,0,1,1,0,0,0,0,0,0,0,0,0,0,0,0,0,0
3777,aph,L,2,1,yes,0,1,1,0,0,1,0,0,0,0,0,0,0,0,0,0,0,0,0,0,0
3778,mum,L,2,1,yes,1,0,1,0,0,0,0,0,0,0,0,0,0,0,0,0,0,0,0,0,0
3786,aph,L,2,1,yes,0,1,0,1,0,0,1,0,0,0,0,0,0,0,0,0,0,0,0,0,0
3787,aph,L,2,1,yes,0,1,0,1,0,1,0,0,0,0,0,0,0,0,0,0,0,0,0,0,0
3788,aph,L,2,1,yes,0,1,0,1,0,1,0,0,0,0,0,0,0,0,0,0,0,0,0,0,0
3789,aph,L,2,1,yes,0,1,0,1,0,1,0,0,0,0,0,0,0,0,0,0,0,0,0,0,0
3790,aph,L,2,1,yes,0,1,0,1,0,0,1,0,0,0,0,0,0,0,0,0,0,0,0,0,0
3791,aph,L,2,1,yes,0,1,0,1,0,0,1,0,0,0,0,0,0,0,0,0,0,0,0,0,0
3817,aph,L,1,1,no,0,1,1,0,0,1,1,0,0,0,0,0,0,0,0,0,0,0,0,0,0
3818,aph,L,1,1,no,0,1,1,0,0,1,1,0,0,0,0,0,0,0,0,0,0,0,0,0,0
3819,aph,L,1,1,no,0,1,1,0,0,1,1,0,0,0,0,0,0,0,0,0,0,0,0,0,0
3821,aph,L,1,1,no,0,1,1,0,0,1,1,0,0,0,0,0,0,0,0,0,0,0,0,0,0
3822,aph,L,1,1,no,0,1,1,0,0,1,1,0,0,0,0,0,0,0,0,0,0,0,0,0,0
3823,aph,L,1,1,no,0,1,1,0,0,1,1,0,0,0,0,0,0,0,0,0,0,0,0,0,0
3824,aph,L,1,1,no,0,1,1,0,0,1,1,0,0,0,0,0,0,0,0,0,0,0,0,0,0
3825,aph,L,1,1,no,0,1,1,0,0,1,1,0,0,0,0,0,0,0,0,0,0,0,0,0,0
3826,aph,L,1,1,no,0,1,1,0,0,1,1,0,0,0,0,0,0,0,0,0,0,0,0,0,0
3827,aph,L,1,1,no,0,1,1,0,0,1,1,0,0,0,0,0,0,0,0,0,0,0,0,0,0
3828,aph,L,1,1,no,0,1,1,0,0,1,1,0,0,0,0,0,0,0,0,0,0,0,0,0,0
3829,aph,L,1,1,no,0,1,1,0,0,1,1,0,0,0,0,0,0,0,0,0,0,0,0,0,0
3830,aph,L,1,1,no,0,1,1,0,0,1,1,0,0,0,0,0,0,0,0,0,0,0,0,0,0
3831,aph,L,1,1,no,0,1,1,0,0,1,1,0,0,0,0,0,0,0,0,0,0,0,0,0,0
3835,aph,L,1,1,no,0,1,0,1,0,0,1,0,0,0,0,0,0,0,0,0,0,0,0,0,0
3836,aph,L,1,1,no,0,1,1,0,0,0,1,0,0,0,0,0,0,0,0,0,0,0,0,0,0
3837,aph,L,1,1,no,0,1,1,0,0,1,1,0,0,0,0,0,0,0,0,0,0,0,0,0,0
3838,aph,L,1,1,no,0,1,1,0,0,0,1,0,0,0,0,0,0,0,0,0,0,0,0,0,0
3839,aph,L,1,1,no,0,1,1,0,0,1,1,0,0,0,0,0,0,0,0,0,0,0,0,0,0
3840,aph,L,1,1,no,0,1,1,0,0,1,1,0,0,0,0,0,0,0,0,0,0,0,0,0,0
3841,aph,L,1,1,no,0,1,1,0,0,1,1,0,0,0,0,0,0,0,0,0,0,0,0,0,0
3842,aph,L,1,1,no,0,1,1,0,0,1,1,0,0,0,0,0,0,0,0,0,0,0,0,0,0
3843,aph,L,1,1,no,0,1,1,0,0,1,1,0,0,0,0,0,0,0,0,0,0,0,0,0,0
3844,aph,L,1,1,no,0,1,1,0,0,0,1,0,0,0,0,0,0,0,0,0,0,0,0,0,0
3845,aph,L,1,1,no,0,1,1,0,0,1,1,0,0,0,0,0,0,0,0,0,0,0,0,0,0
3846,aph,L,1,1,no,0,1,1,0,0,1,1,0,0,0,0,0,0,0,0,0,0,0,0,0,0
3847,aph,L,1,1,no,0,1,1,0,0,1,1,0,0,0,0,0,0,0,0,0,0,0,0,0,0
3848,aph,L,1,1,no,0,1,1,0,0,1,0,0,0,0,0,0,0,0,0,0,0,0,0,0,0
3849,aph,L,1,1,no,0,0,0,0,1,0,0,0,0,0,0,0,0,0,0,0,0,0,0,0,0
3850,aph,L,1,1,no,0,0,0,0,1,0,0,0,0,0,0,0,0,0,0,0,0,0,0,0,0
3851,aph,L,1,1,no,0,0,0,0,1,0,0,0,0,0,0,0,0,0,0,0,0,0,0,0,0
3852,aph,L,1,1,no,0,1,0,0,1,1,0,0,0,0,0,0,0,0,0,0,0,0,0,0,0
3853,aph,L,1,1,no,0,1,0,0,1,1,0,0,0,0,0,0,0,0,0,0,0,0,0,0,0
3854,aph,L,1,1,no,0,0,0,0,1,0,0,0,0,0,0,0,0,0,0,0,0,0,0,0,0
3855,aph,L,1,1,no,0,0,0,0,1,0,0,0,0,0,0,0,0,0,0,0,0,0,0,0,0
3856,aph,L,1,1,no,0,0,0,0,1,0,0,0,0,0,0,0,0,0,0,0,0,0,0,0,0
3858,aph,L,1,1,no,0,1,0,0,1,0,1,0,0,0,0,0,0,0,0,0,0,0,0,0,0
3859,aph,L,1,1,no,0,0,0,0,1,0,0,0,0,0,0,0,0,0,0,0,0,0,0,0,0
3860,aph,L,1,1,no,0,0,0,0,1,0,0,0,0,0,0,0,0,0,0,0,0,0,0,0,0
3861,aph,L,1,1,no,0,1,0,0,1,1,0,0,0,0,0,0,0,0,0,0,0,0,0,0,0
3862,aph,L,1,1,no,0,0,0,0,1,0,0,0,0,0,0,0,0,0,0,0,0,0,0,0,0
3863,aph,L,1,1,no,0,0,0,0,1,0,0,0,0,0,0,0,0,0,0,0,0,0,0,0,0
3864,aph,L,1,1,no,0,0,0,0,1,0,0,0,0,0,0,0,0,0,0,0,0,0,0,0,0
3865,aph,L,1,1,no,0,0,0,0,1,0,0,0,0,0,0,0,0,0,0,0,0,0,0,0,0
3867,aph,L,1,1,no,0,0,0,0,1,0,0,0,0,0,0,0,0,0,0,0,0,0,0,0,0
3868,aph,L,1,1,no,0,1,0,0,1,0,1,0,0,0,0,0,0,0,0,0,0,0,0,0,0
3869,aph,L,1,1,no,0,0,0,0,1,0,0,0,0,0,0,0,0,0,0,0,0,0,0,0,0
3870,aph,L,1,1,no,0,0,0,0,1,0,0,0,0,0,0,0,0,0,0,0,0,0,0,0,0
3871,aph,L,1,1,no,0,0,0,0,1,0,0,0,0,0,0,0,0,0,0,0,0,0,0,0,0
3872,aph,L,1,1,no,0,0,0,0,1,0,0,0,0,0,0,0,0,0,0,0,0,0,0,0,0
3873,aph,L,1,1,no,0,1,0,0,1,1,0,0,0,0,0,0,0,0,0,0,0,0,0,0,0
3874,aph,L,1,1,no,0,1,0,0,1,1,0,0,0,0,0,0,0,0,0,0,0,0,0,0,0
3876,aph,L,1,1,no,0,0,0,0,1,0,0,0,0,0,0,0,0,0,0,0,0,0,0,0,0
3877,aph,L,1,1,no,0,0,0,0,1,0,0,0,0,0,0,0,0,0,0,0,0,0,0,0,0
3878,aph,L,1,1,no,0,1,0,0,1,1,0,0,0,0,0,0,0,0,0,0,0,0,0,0,0
3879,aph,L,1,1,no,0,0,0,0,1,0,0,0,0,0,0,0,0,0,0,0,0,0,0,0,0
3880,aph,L,1,1,no,0,0,0,0,1,0,0,0,0,0,0,0,0,0,0,0,0,0,0,0,0
3881,aph,L,1,1,no,0,0,0,0,1,0,0,0,0,0,0,0,0,0,0,0,0,0,0,0,0
3882,aph,L,1,1,no,0,1,0,0,1,1,0,0,0,0,0,0,0,0,0,0,0,0,0,0,0
3892,aph,L,1,1,no,0,1,0,1,0,0,1,0,0,0,0,0,0,0,0,0,0,0,0,0,0
3893,aph,L,1,1,no,0,0,0,1,0,0,0,0,0,0,0,0,0,0,0,0,0,0,0,0,0
3894,aph,L,1,1,no,0,1,0,1,0,1,0,0,0,0,0,0,0,0,0,0,0,0,0,0,0
3895,aph,L,1,1,no,0,1,0,1,0,0,1,0,0,0,0,0,0,0,0,0,0,0,0,0,0
3896,aph,L,1,1,no,0,1,0,1,0,0,1,0,0,0,0,0,0,0,0,0,0,0,0,0,0
3897,aph,L,1,1,no,0,1,0,1,0,1,0,0,0,0,0,0,0,0,0,0,0,0,0,0,0
3898,aph,L,1,1,no,0,1,0,1,0,0,1,0,0,0,0,0,0,0,0,0,0,0,0,0,0
3899,aph,L,1,1,no,0,1,0,1,0,0,1,0,0,0,0,0,0,0,0,0,0,0,0,0,0
3928,aph,L,6,1,yes,0,1,1,0,0,1,1,0,0,0,0,0,0,0,0,0,0,0,0,0,0
3929,aph,L,6,1,yes,0,1,1,0,0,0,1,0,0,0,0,0,0,0,0,0,0,0,0,0,0
3932,aph,L,6,1,yes,0,1,1,0,0,1,0,0,0,0,0,0,0,0,0,0,0,0,0,0,0
3933,aph,L,6,1,yes,0,0,1,0,0,0,0,0,0,0,0,0,0,0,0,0,0,0,0,0,0
3934,aph,L,6,1,yes,0,0,1,0,0,0,0,0,0,0,0,0,0,0,0,0,0,0,0,0,0
3935,aph,L,6,1,yes,0,1,1,0,0,1,0,0,0,0,0,0,0,0,0,0,0,0,0,0,0
3936,aph,L,6,1,yes,0,1,1,0,0,0,1,0,0,0,0,0,0,0,0,0,0,0,0,0,0
3937,aph,L,6,1,yes,0,1,1,0,0,1,1,0,0,0,0,0,0,0,0,0,0,0,0,0,0
3995,aph,L,6,1,yes,0,1,0,1,0,1,0,0,0,0,0,0,0,0,0,0,0,0,0,0,0
3996,aph,L,6,1,yes,0,1,0,1,0,0,1,0,0,0,0,0,0,0,0,0,0,0,0,0,0
3997,aph,L,6,1,yes,0,1,0,1,0,1,0,0,0,0,0,0,0,0,0,0,0,0,0,0,0
3999,aph,L,6,1,yes,0,1,0,1,0,1,1,0,0,0,0,0,0,0,0,0,0,0,0,0,0
4000,aph,L,6,1,yes,0,1,0,1,0,0,1,0,0,0,0,0,0,0,0,0,0,0,0,0,0
4001,aph,L,6,1,yes,0,1,0,1,0,0,1,0,0,0,0,0,0,0,0,0,0,0,0,0,0
4064,aph,L,3,1,no,0,1,1,0,0,0,1,0,0,0,0,0,0,0,0,0,0,0,0,0,0
4065,aph,L,3,1,no,0,1,1,0,0,0,1,0,0,0,0,0,0,0,0,0,0,0,0,0,0
4066,aph,L,3,1,no,0,1,1,0,0,1,1,0,0,0,0,0,0,0,0,0,0,0,0,0,0
4067,aph,L,3,1,no,0,1,1,0,0,1,1,0,0,0,0,0,0,0,0,0,0,0,0,0,0
4068,aph,L,3,1,no,0,1,1,0,0,0,1,0,0,0,0,0,0,0,0,0,0,0,0,0,0
4069,aph,L,3,1,no,0,1,1,0,0,1,1,0,0,0,0,0,0,0,0,0,0,0,0,0,0
4070,aph,L,3,1,no,0,1,1,0,0,1,1,0,0,0,0,0,0,0,0,0,0,0,0,0,0
4071,aph,L,3,1,no,0,1,1,0,0,1,1,0,0,0,0,0,0,0,0,0,0,0,0,0,0
4072,aph,L,3,1,no,0,1,1,0,0,0,1,0,0,0,0,0,0,0,0,0,0,0,0,0,0
4073,aph,L,3,1,no,0,1,1,0,0,0,1,0,0,0,0,0,0,0,0,0,0,0,0,0,0
4075,aph,L,3,1,no,0,1,1,0,0,1,1,0,0,0,0,0,0,0,0,0,0,0,0,0,0
4076,aph,L,3,1,no,0,1,1,0,0,0,1,0,0,0,0,0,0,0,0,0,0,0,0,0,0
4077,aph,L,3,1,no,0,0,1,0,0,0,0,0,0,0,0,0,0,0,0,0,0,0,0,0,0
4078,aph,L,3,1,no,0,0,1,0,0,0,0,0,0,0,0,0,0,0,0,0,0,0,0,0,0
4079,aph,L,3,1,no,0,1,1,0,0,1,1,0,0,0,0,0,0,0,0,0,0,0,0,0,0
4143,aph,L,3,1,no,0,1,0,1,0,0,1,0,0,0,0,0,0,0,0,0,0,0,0,0,0
4144,aph,L,3,1,no,0,1,0,1,0,0,1,0,0,0,0,0,0,0,0,0,0,0,0,0,0
4145,aph,L,3,1,no,0,1,0,1,0,0,1,0,0,0,0,0,0,0,0,0,0,0,0,0,0
4146,aph,L,3,1,no,0,1,0,1,0,0,1,0,0,0,0,0,0,0,0,0,0,0,0,0,0
4179,aph,L,5,1,no,0,0,0,0,1,0,0,0,0,0,0,0,0,0,0,0,0,0,0,0,0
4180,aph,L,5,1,no,0,0,0,0,1,0,0,0,0,0,0,0,0,0,0,0,0,0,0,0,0
4181,aph,L,5,1,no,0,0,0,0,1,0,0,0,0,0,0,0,0,0,0,0,0,0,0,0,0
4182,aph,L,5,1,no,0,0,0,0,1,0,0,0,0,0,0,0,0,0,0,0,0,0,0,0,0
4183,aph,L,5,1,no,0,0,0,0,1,0,0,0,0,0,0,0,0,0,0,0,0,0,0,0,0
4186,aph,L,5,1,no,0,0,0,0,1,0,0,0,0,0,0,0,0,0,0,0,0,0,0,0,0
4188,aph,L,5,1,no,0,0,0,0,1,0,0,0,0,0,0,0,0,0,0,0,0,0,0,0,0
4190,aph,L,5,1,no,0,1,0,0,1,1,0,0,0,0,0,0,0,0,0,0,0,0,0,0,0
4191,aph,L,5,1,no,0,0,0,0,1,0,0,0,0,0,0,0,0,0,0,0,0,0,0,0,0
4192,aph,L,5,1,no,0,1,0,0,1,1,0,0,0,0,0,0,0,0,0,0,0,0,0,0,0
4193,aph,L,5,1,no,0,0,0,0,1,0,0,0,0,0,0,0,0,0,0,0,0,0,0,0,0
4194,aph,L,5,1,no,0,0,0,0,1,0,0,0,0,0,0,0,0,0,0,0,0,0,0,0,0
4195,aph,L,5,1,no,0,0,0,0,1,0,0,0,0,0,0,0,0,0,0,0,0,0,0,0,0
4196,aph,L,5,1,no,0,0,0,0,1,0,0,0,0,0,0,0,0,0,0,0,0,0,0,0,0
4197,aph,L,5,1,no,0,0,0,0,1,0,0,0,0,0,0,0,0,0,0,0,0,0,0,0,0
4198,aph,L,5,1,no,0,1,0,0,1,1,0,0,0,0,0,0,0,0,0,0,0,0,0,0,0
4199,aph,L,5,1,no,0,0,0,0,1,0,0,0,0,0,0,0,0,0,0,0,0,0,0,0,0
4200,aph,L,5,1,no,0,0,0,0,1,0,0,0,0,0,0,0,0,0,0,0,0,0,0,0,0
4201,aph,L,5,1,no,0,1,0,0,1,1,0,0,0,0,0,0,0,0,0,0,0,0,0,0,0
4202,aph,L,5,1,no,0,0,0,0,1,0,0,0,0,0,0,0,0,0,0,0,0,0,0,0,0
4203,aph,L,5,1,no,0,1,0,0,1,1,0,0,0,0,0,0,0,0,0,0,0,0,0,0,0
4204,aph,L,5,1,no,0,1,0,0,1,1,0,0,0,0,0,0,0,0,0,0,0,0,0,0,0
4205,aph,L,5,1,no,0,0,0,0,1,0,0,0,0,0,0,0,0,0,0,0,0,0,0,0,0
4206,aph,L,5,1,no,0,1,0,0,1,1,0,0,0,0,0,0,0,0,0,0,0,0,0,0,0
4207,aph,L,5,1,no,0,1,0,0,1,1,0,0,0,0,0,0,0,0,0,0,0,0,0,0,0
4208,aph,L,5,1,no,0,0,0,0,1,0,0,0,0,0,0,0,0,0,0,0,0,0,0,0,0
4209,aph,L,5,1,no,0,1,1,0,0,1,0,0,0,0,0,0,0,0,0,0,0,0,0,0,0
4210,aph,L,5,1,no,0,1,1,0,0,1,1,0,0,0,0,0,0,0,0,0,0,0,0,0,0
4211,aph,L,5,1,no,0,1,1,0,0,1,0,0,0,0,0,0,0,0,0,0,0,0,0,0,0
4212,aph,L,5,1,no,0,1,1,0,0,1,1,0,0,0,0,0,0,0,0,0,0,0,0,0,0
4213,aph,L,5,1,no,0,1,1,0,0,1,1,0,0,0,0,0,0,0,0,0,0,0,0,0,0
4214,aph,L,5,1,no,0,1,1,0,0,1,1,0,0,0,0,0,0,0,0,0,0,0,0,0,0
4216,aph,L,5,1,no,0,1,1,0,0,1,1,0,0,0,0,0,0,0,0,0,0,0,0,0,0
4217,aph,L,5,1,no,0,1,1,0,0,1,1,0,0,0,0,0,0,0,0,0,0,0,0,0,0
4218,aph,L,5,1,no,0,1,1,0,0,1,1,0,0,0,0,0,0,0,0,0,0,0,0,0,0
4219,aph,L,5,1,no,0,1,1,0,0,0,1,0,0,0,0,0,0,0,0,0,0,0,0,0,0
4220,aph,L,5,1,no,0,1,1,0,0,0,1,0,0,0,0,0,0,0,0,0,0,0,0,0,0
4221,aph,L,5,1,no,0,1,1,0,0,0,1,0,0,0,0,0,0,0,0,0,0,0,0,0,0
4222,aph,L,5,1,no,0,1,1,0,0,1,1,0,0,0,0,0,0,0,0,0,0,0,0,0,0
4223,aph,L,5,1,no,0,1,1,0,0,0,1,0,0,0,0,0,0,0,0,0,0,0,0,0,0
4224,aph,L,5,1,no,0,1,1,0,0,1,1,0,0,0,0,0,0,0,0,0,0,0,0,0,0
4226,aph,L,5,1,no,0,1,0,1,0,0,1,0,0,0,0,0,0,0,0,0,0,0,0,0,0
4227,aph,L,5,1,no,0,1,0,1,0,1,0,0,0,0,0,0,0,0,0,0,0,0,0,0,0
4229,aph,L,5,1,no,0,1,0,1,0,0,1,0,0,0,0,0,0,0,0,0,0,0,0,0,0
4230,aph,L,5,1,no,0,0,0,1,0,0,0,0,0,0,0,0,0,0,0,0,0,0,0,0,0
4231,aph,L,5,1,no,0,1,0,1,0,0,1,0,0,0,0,0,0,0,0,0,0,0,0,0,0
4351,mum,L,4,1,yes,1,0,1,0,0,0,0,0,0,0,0,0,0,0,0,0,0,0,0,0,0
4355,mum,L,4,1,yes,1,0,0,1,0,0,0,0,0,0,0,0,0,0,0,0,0,0,0,0,0
4360,mum,L,4,1,yes,1,0,0,1,0,0,0,0,0,0,0,0,0,0,0,0,0,0,0,0,0
3341,mum,H,1,2,no,1,0,1,0,0,0,0,0,0,0,0,0,0,0,0,0,1,0,0,0,0
3343,mum,H,1,2,no,1,0,1,0,0,0,0,0,0,0,0,0,0,0,1,0,1,0,0,0,0
3345,mum,H,1,2,no,1,0,1,0,0,0,0,0,1,0,0,0,0,0,0,0,0,0,0,0,1
3349,mum,H,1,2,no,1,0,1,0,0,0,0,0,0,0,0,0,0,0,0,0,0,1,0,0,0
3496,mum,H,6,2,yes,1,0,1,0,0,0,0,0,0,0,0,0,0,0,0,0,1,0,0,0,0
3497,mum,H,6,2,yes,1,0,0,1,0,0,0,0,1,0,0,0,0,0,0,0,0,0,0,1,0
3499,mum,H,6,2,yes,1,1,1,0,0,1,0,0,0,0,0,0,1,0,0,0,1,0,0,0,0
3530,aph,H,6,2,yes,1,1,0,0,1,1,0,0,1,0,0,0,0,0,0,1,1,0,0,0,0
3531,mum,H,6,2,yes,1,0,1,0,0,0,0,0,0,0,1,0,0,0,0,0,0,0,0,0,1
3687,mum,L,4,2,yes,1,0,0,1,0,0,0,0,0,0,0,0,0,0,0,0,0,0,0,0,1
3784,aph,L,2,2,yes,1,1,1,0,0,1,1,0,1,0,0,0,1,0,0,1,0,0,0,0,0
3797,aph,L,2,2,yes,1,1,0,1,0,0,1,0,0,1,0,0,0,0,1,0,0,0,0,0,0
3905,mum,L,1,2,no,1,0,0,1,0,0,0,0,0,0,0,0,1,0,0,0,1,0,0,0,0
4011,mum,L,6,2,yes,1,0,0,1,0,0,0,0,0,0,1,0,0,0,0,0,0,0,0,0,1
4131,mum,L,3,2,no,1,0,0,1,0,0,0,0,0,0,0,0,1,0,1,0,0,0,0,0,0
4132,mum,L,3,2,no,1,1,0,1,0,0,1,0,0,0,0,0,1,0,0,0,0,1,0,0,0
4135,mum,L,3,2,no,1,0,1,0,0,0,0,0,1,0,0,0,0,0,0,0,0,1,0,0,0
4288,mum,L,5,2,no,1,1,0,1,0,0,1,0,0,1,0,0,0,0,0,0,1,0,0,0,0
4289,mum,L,5,2,no,1,0,0,1,0,0,0,0,0,0,0,0,0,0,0,0,0,1,0,0,0
4290,mum,L,5,2,no,1,0,1,0,0,0,0,0,1,0,0,0,0,0,0,0,0,1,0,0,0
4291,mum,L,5,2,no,1,1,0,1,0,1,0,0,0,1,0,0,0,0,0,0,0,1,0,0,0
4292,mum,L,5,2,no,1,0,0,1,0,0,0,0,0,0,0,0,1,0,0,0,0,1,0,0,0
4293,mum,L,5,2,no,1,0,1,0,0,0,0,0,0,0,0,0,1,0,0,0,0,1,0,0,0
4300,mum,L,2,2,yes,1,1,0,1,0,1,0,1,0,0,0,0,0,0,0,0,0,1,0,0,0
4301,mum,L,2,2,yes,1,0,1,0,0,0,0,0,1,0,0,0,0,0,0,0,0,1,0,0,0
4302,mum,L,2,2,yes,1,0,0,1,0,0,0,0,0,0,0,0,1,0,0,0,0,0,0,0,1
4303,mum,L,2,2,yes,1,0,0,1,0,0,0,0,0,0,0,0,1,0,0,0,0,1,0,0,0
4304,mum,L,2,2,yes,1,0,0,1,0,0,0,0,0,0,0,0,0,0,0,0,0,0,0,0,1
4305,mum,L,2,2,yes,1,0,0,0,1,0,0,0,0,0,0,0,1,0,0,0,0,1,0,0,0
4306,mum,L,2,2,yes,1,1,1,0,0,1,0,0,0,0,0,0,1,0,0,0,0,1,0,0,0
4307,mum,L,2,2,yes,1,0,1,0,0,0,0,0,0,0,0,0,1,0,0,0,0,0,0,0,1
4308,mum,L,2,2,yes,1,0,1,0,0,0,0,0,0,0,0,0,1,0,0,0,0,1,0,0,0
4309,mum,L,2,2,yes,1,1,0,1,0,0,1,0,0,0,0,0,0,0,0,0,0,0,0,0,1
4311,mum,L,2,2,yes,1,0,1,0,0,0,0,0,0,0,0,0,1,0,0,0,1,0,0,0,0
4312,mum,L,2,2,yes,1,1,0,1,0,1,0,0,0,0,0,0,1,0,0,0,0,1,0,0,0
4313,mum,L,2,2,yes,1,0,0,1,0,0,0,0,0,0,0,0,1,0,0,0,0,1,0,0,0
4337,mum,L,6,2,yes,1,0,0,1,0,0,0,0,0,0,1,0,0,0,0,0,0,1,0,0,0
4339,mum,L,6,2,yes,1,0,1,0,0,0,0,0,1,0,0,0,0,0,0,0,0,1,0,0,1
4342,mum,L,6,2,yes,1,0,0,1,0,0,0,0,0,0,0,0,1,0,0,0,0,0,1,0,0
4343,mum,L,6,2,yes,1,0,0,1,0,0,0,0,0,0,0,0,0,0,0,0,0,0,0,0,1
4363,mum,L,4,2,yes,1,0,1,0,0,0,0,0,1,0,0,0,0,0,0,0,0,1,0,0,0
4378,mum,L,3,2,no,1,0,0,1,0,0,0,0,0,0,0,0,0,0,0,0,0,0,0,0,1
4380,mum,L,3,2,no,1,0,0,1,0,0,0,0,0,1,0,0,0,0,0,0,0,1,0,0,0
3172,aph,H,3,2,no,1,1,0,1,0,1,0,0,0,0,1,0,0,0,0,0,0,0,0,0,0
3195,aph,H,3,2,no,1,1,0,1,0,1,0,0,0,1,0,0,0,0,0,0,0,0,0,0,0
3200,aph,H,3,2,no,1,1,0,1,0,1,0,0,0,1,0,0,0,0,0,0,0,0,0,0,0
3348,mum,H,1,2,no,1,0,0,1,0,0,0,0,0,0,1,0,0,0,0,0,0,0,0,0,0
3350,mum,H,1,2,no,1,0,1,0,0,0,0,0,0,1,0,0,0,0,0,0,0,0,0,0,0
3560,aph,H,6,2,yes,1,1,0,1,0,0,1,0,0,1,0,0,0,0,0,0,0,0,0,0,0
3686,mum,L,4,2,yes,1,0,0,1,0,0,0,0,0,1,0,0,0,0,0,0,0,0,0,0,0
3900,aph,L,1,2,no,1,1,0,1,0,1,0,0,0,1,0,0,0,0,0,0,0,0,0,0,0
4136,mum,L,3,2,no,1,1,1,0,0,0,1,0,0,1,0,0,0,0,0,0,0,0,0,0,0
4310,mum,L,2,2,yes,1,0,0,1,0,0,0,0,0,1,0,0,0,0,0,0,0,0,0,0,0
4340,mum,L,6,2,yes,1,0,0,1,0,0,0,0,0,1,0,0,0,0,0,0,0,0,0,0,0
4379,mum,L,3,2,no,1,0,0,1,0,0,0,0,0,0,1,0,0,0,0,0,0,0,0,0,0
3167,aph,H,3,2,no,1,1,1,0,0,0,1,0,1,0,0,0,0,0,0,0,0,0,0,0,0
3171,mum,H,3,2,no,1,0,1,0,0,0,0,0,0,0,0,0,0,1,0,0,0,0,0,0,0
3247,mum,H,5,2,no,1,0,1,0,0,0,0,0,1,0,0,0,0,0,0,0,0,0,0,0,0
3248,mum,H,5,2,no,1,1,1,0,0,0,1,0,1,0,0,0,0,0,0,0,0,0,0,0,0
3249,mum,H,5,2,no,1,0,1,0,0,0,0,0,1,0,0,0,0,0,0,0,0,0,0,0,0
3250,mum,H,5,2,no,1,1,1,0,0,1,0,0,0,0,0,0,1,0,0,0,0,0,0,0,0
3340,mum,H,1,2,no,1,0,1,0,0,0,0,0,1,0,0,0,0,0,0,0,0,0,0,0,0
3342,mum,H,1,2,no,1,0,1,0,0,0,0,0,1,0,0,0,0,0,0,0,0,0,0,0,0
3344,mum,H,1,2,no,1,1,1,0,0,1,0,0,1,0,0,0,0,0,0,0,0,0,0,0,0
3346,mum,H,1,2,no,1,0,1,0,0,0,0,0,1,0,0,0,0,0,0,0,0,0,0,0,0
3347,mum,H,1,2,no,1,0,1,0,0,0,0,0,1,0,0,0,0,0,0,0,0,0,0,0,0
3371,mum,H,4,2,yes,1,0,1,0,0,0,0,0,1,0,0,0,0,0,0,0,0,0,0,0,0
3377,aph,H,4,2,yes,1,0,0,0,1,0,0,0,1,0,0,0,0,0,0,0,0,0,0,0,0
3498,mum,H,6,2,yes,1,0,1,0,0,0,0,0,1,0,0,0,0,0,0,0,0,0,0,0,0
3684,aph,L,4,2,yes,1,1,0,1,0,1,0,0,0,0,0,0,1,0,0,0,0,0,0,0,0
3783,aph,L,2,2,yes,1,1,1,0,0,1,1,0,1,0,0,0,1,0,0,0,0,0,0,0,0
4006,aph,L,6,2,yes,1,1,0,1,0,0,1,0,0,0,0,0,1,0,0,0,0,0,0,0,0
4130,mum,L,3,2,no,1,1,0,1,0,0,1,0,0,0,0,0,1,0,0,0,0,0,0,0,0
4133,mum,L,3,2,no,1,0,0,1,0,0,0,0,0,0,0,0,1,0,0,0,0,0,0,0,0
4137,mum,L,3,2,no,1,1,1,0,0,1,1,0,0,0,0,0,1,0,0,0,0,0,0,0,0
4139,mum,L,3,2,no,1,0,0,1,0,0,0,0,0,0,0,0,1,0,0,0,0,0,0,0,0
4141,mum,L,3,2,no,1,0,1,0,0,0,0,0,1,0,0,0,0,0,0,0,0,0,0,0,0
4142,mum,L,3,2,no,1,0,0,0,1,0,0,0,1,0,0,0,0,0,0,0,0,0,0,0,0
4148,aph,L,3,2,no,1,1,0,1,0,0,1,0,0,0,0,0,1,0,0,0,0,0,0,0,0
4298,mum,L,2,2,yes,1,0,0,0,1,0,0,1,0,0,0,0,0,0,0,0,0,0,0,0,0
4341,mum,L,6,2,yes,1,0,1,0,0,0,0,0,0,0,0,0,1,0,0,0,0,0,0,0,0
4362,mum,L,4,2,yes,1,0,0,1,0,0,0,0,0,0,0,0,1,0,0,0,0,0,0,0,0
3109,aph,H,1,2,no,0,1,0,1,0,1,0,0,0,0,0,0,0,0,0,0,0,0,0,0,0
3110,aph,H,1,2,no,0,0,0,1,0,0,0,0,0,0,0,0,0,0,0,0,0,0,0,0,0
3111,aph,H,1,2,no,0,1,0,1,0,1,0,0,0,0,0,0,0,0,0,0,0,0,0,0,0
3112,aph,H,1,2,no,0,1,0,1,0,0,1,0,0,0,0,0,0,0,0,0,0,0,0,0,0
3113,aph,H,1,2,no,0,1,0,1,0,1,0,0,0,0,0,0,0,0,0,0,0,0,0,0,0
3114,aph,H,1,2,no,0,1,0,1,0,1,1,0,0,0,0,0,0,0,0,0,0,0,0,0,0
3115,aph,H,1,2,no,0,0,0,1,0,0,0,0,0,0,0,0,0,0,0,0,0,0,0,0,0
3162,aph,H,3,2,no,0,1,1,0,0,0,1,0,0,0,0,0,0,0,0,0,0,0,0,0,0
3163,aph,H,3,2,no,0,1,1,0,0,0,1,0,0,0,0,0,0,0,0,0,0,0,0,0,0
3164,aph,H,3,2,no,0,1,1,0,0,0,1,0,0,0,0,0,0,0,0,0,0,0,0,0,0
3165,aph,H,3,2,no,0,1,1,0,0,0,1,0,0,0,0,0,0,0,0,0,0,0,0,0,0
3166,aph,H,3,2,no,0,1,1,0,0,1,1,0,0,0,0,0,0,0,0,0,0,0,0,0,0
3196,aph,H,3,2,no,0,0,0,1,0,0,0,0,0,0,0,0,0,0,0,0,0,0,0,0,0
3197,aph,H,3,2,no,0,0,0,1,0,0,0,0,0,0,0,0,0,0,0,0,0,0,0,0,0
3198,aph,H,3,2,no,0,1,0,1,0,1,0,0,0,0,0,0,0,0,0,0,0,0,0,0,0
3199,aph,H,3,2,no,0,0,0,1,0,0,0,0,0,0,0,0,0,0,0,0,0,0,0,0,0
3201,aph,H,3,2,no,0,0,0,1,0,0,0,0,0,0,0,0,0,0,0,0,0,0,0,0,0
3246,aph,H,5,2,no,0,0,0,1,0,0,0,0,0,0,0,0,0,0,0,0,0,0,0,0,0
3251,aph,H,5,2,no,0,1,1,0,0,1,0,0,0,0,0,0,0,0,0,0,0,0,0,0,0
3252,aph,H,5,2,no,0,1,1,0,0,1,1,0,0,0,0,0,0,0,0,0,0,0,0,0,0
3253,aph,H,5,2,no,0,1,1,0,0,1,1,0,0,0,0,0,0,0,0,0,0,0,0,0,0
3254,aph,H,5,2,no,0,1,1,0,0,1,1,0,0,0,0,0,0,0,0,0,0,0,0,0,0
3336,aph,H,1,2,no,0,1,0,1,0,1,0,0,0,0,0,0,0,0,0,0,0,0,0,0,0
3337,aph,H,1,2,no,0,1,0,1,0,1,0,0,0,0,0,0,0,0,0,0,0,0,0,0,0
3338,aph,H,1,2,no,0,1,0,1,0,0,1,0,0,0,0,0,0,0,0,0,0,0,0,0,0
3339,aph,H,1,2,no,0,1,1,0,0,1,1,0,0,0,0,0,0,0,0,0,0,0,0,0,0
3369,aph,H,4,2,yes,0,1,1,0,0,1,1,0,0,0,0,0,0,0,0,0,0,0,0,0,0
3370,aph,H,4,2,yes,0,1,1,0,0,1,0,0,0,0,0,0,0,0,0,0,0,0,0,0,0
3372,aph,H,4,2,yes,0,0,0,0,1,0,0,0,0,0,0,0,0,0,0,0,0,0,0,0,0
3373,aph,H,4,2,yes,0,1,0,0,1,0,1,0,0,0,0,0,0,0,0,0,0,0,0,0,0
3374,aph,H,4,2,yes,0,0,0,0,1,0,0,0,0,0,0,0,0,0,0,0,0,0,0,0,0
3375,aph,H,4,2,yes,0,0,0,0,1,0,0,0,0,0,0,0,0,0,0,0,0,0,0,0,0
3376,aph,H,4,2,yes,0,0,0,0,1,0,0,0,0,0,0,0,0,0,0,0,0,0,0,0,0
3378,aph,H,4,2,yes,0,1,0,0,1,1,0,0,0,0,0,0,0,0,0,0,0,0,0,0,0
3379,aph,H,4,2,yes,0,0,0,0,1,0,0,0,0,0,0,0,0,0,0,0,0,0,0,0,0
3380,aph,H,4,2,yes,0,0,0,0,1,0,0,0,0,0,0,0,0,0,0,0,0,0,0,0,0
3381,aph,H,4,2,yes,0,0,0,0,1,0,0,0,0,0,0,0,0,0,0,0,0,0,0,0,0
3480,aph,H,6,2,yes,0,1,1,0,0,0,1,0,0,0,0,0,0,0,0,0,0,0,0,0,0
3481,aph,H,6,2,yes,0,1,1,0,0,1,0,0,0,0,0,0,0,0,0,0,0,0,0,0,0
3482,aph,H,6,2,yes,0,1,1,0,0,1,1,0,0,0,0,0,0,0,0,0,0,0,0,0,0
3483,aph,H,6,2,yes,0,1,1,0,0,0,1,0,0,0,0,0,0,0,0,0,0,0,0,0,0
3484,aph,H,6,2,yes,0,1,1,0,0,1,1,0,0,0,0,0,0,0,0,0,0,0,0,0,0
3485,aph,H,6,2,yes,0,1,1,0,0,0,1,0,0,0,0,0,0,0,0,0,0,0,0,0,0
3486,aph,H,6,2,yes,0,1,1,0,0,0,1,0,0,0,0,0,0,0,0,0,0,0,0,0,0
3487,aph,H,6,2,yes,0,1,1,0,0,1,1,0,0,0,0,0,0,0,0,0,0,0,0,0,0
3488,aph,H,6,2,yes,0,1,1,0,0,0,1,0,0,0,0,0,0,0,0,0,0,0,0,0,0
3489,aph,H,6,2,yes,0,1,1,0,0,1,1,0,0,0,0,0,0,0,0,0,0,0,0,0,0
3490,aph,H,6,2,yes,0,1,1,0,0,1,1,0,0,0,0,0,0,0,0,0,0,0,0,0,0
3491,aph,H,6,2,yes,0,1,1,0,0,0,1,0,0,0,0,0,0,0,0,0,0,0,0,0,0
3492,aph,H,6,2,yes,0,1,1,0,0,0,1,0,0,0,0,0,0,0,0,0,0,0,0,0,0
3493,aph,H,6,2,yes,0,1,1,0,0,1,0,0,0,0,0,0,0,0,0,0,0,0,0,0,0
3494,aph,H,6,2,yes,0,0,1,0,0,0,0,0,0,0,0,0,0,0,0,0,0,0,0,0,0
3495,aph,H,6,2,yes,0,1,1,0,0,1,0,0,0,0,0,0,0,0,0,0,0,0,0,0,0
3500,aph,H,6,2,yes,0,0,0,0,1,0,0,0,0,0,0,0,0,0,0,0,0,0,0,0,0
3501,aph,H,6,2,yes,0,0,0,0,1,0,0,0,0,0,0,0,0,0,0,0,0,0,0,0,0
3502,aph,H,6,2,yes,0,0,0,0,1,0,0,0,0,0,0,0,0,0,0,0,0,0,0,0,0
3503,aph,H,6,2,yes,0,0,0,0,1,0,0,0,0,0,0,0,0,0,0,0,0,0,0,0,0
3504,aph,H,6,2,yes,0,0,0,0,1,0,0,0,0,0,0,0,0,0,0,0,0,0,0,0,0
3505,aph,H,6,2,yes,0,0,0,0,1,0,0,0,0,0,0,0,0,0,0,0,0,0,0,0,0
3506,aph,H,6,2,yes,0,0,0,0,1,0,0,0,0,0,0,0,0,0,0,0,0,0,0,0,0
3507,aph,H,6,2,yes,0,0,0,0,1,0,0,0,0,0,0,0,0,0,0,0,0,0,0,0,0
3508,aph,H,6,2,yes,0,0,0,0,1,0,0,0,0,0,0,0,0,0,0,0,0,0,0,0,0
3509,aph,H,6,2,yes,0,0,0,0,1,0,0,0,0,0,0,0,0,0,0,0,0,0,0,0,0
3510,aph,H,6,2,yes,0,0,0,0,1,0,0,0,0,0,0,0,0,0,0,0,0,0,0,0,0
3512,aph,H,6,2,yes,0,0,0,0,1,0,0,0,0,0,0,0,0,0,0,0,0,0,0,0,0
3513,aph,H,6,2,yes,0,0,0,0,1,0,0,0,0,0,0,0,0,0,0,0,0,0,0,0,0
3514,aph,H,6,2,yes,0,0,0,0,1,0,0,0,0,0,0,0,0,0,0,0,0,0,0,0,0
3515,aph,H,6,2,yes,0,0,0,0,1,0,0,0,0,0,0,0,0,0,0,0,0,0,0,0,0
3516,aph,H,6,2,yes,0,0,0,0,1,0,0,0,0,0,0,0,0,0,0,0,0,0,0,0,0
3517,aph,H,6,2,yes,0,0,0,0,1,0,0,0,0,0,0,0,0,0,0,0,0,0,0,0,0
3518,aph,H,6,2,yes,0,0,0,0,1,0,0,0,0,0,0,0,0,0,0,0,0,0,0,0,0
3519,aph,H,6,2,yes,0,0,0,0,1,0,0,0,0,0,0,0,0,0,0,0,0,0,0,0,0
3521,aph,H,6,2,yes,0,0,0,0,1,0,0,0,0,0,0,0,0,0,0,0,0,0,0,0,0
3522,aph,H,6,2,yes,0,0,0,0,1,0,0,0,0,0,0,0,0,0,0,0,0,0,0,0,0
3523,aph,H,6,2,yes,0,0,0,0,1,0,0,0,0,0,0,0,0,0,0,0,0,0,0,0,0
3524,aph,H,6,2,yes,0,0,0,0,1,0,0,0,0,0,0,0,0,0,0,0,0,0,0,0,0
3525,aph,H,6,2,yes,0,0,0,0,1,0,0,0,0,0,0,0,0,0,0,0,0,0,0,0,0
3529,aph,H,6,2,yes,0,0,0,0,1,0,0,0,0,0,0,0,0,0,0,0,0,0,0,0,0
3559,aph,H,6,2,yes,0,1,0,1,0,0,1,0,0,0,0,0,0,0,0,0,0,0,0,0,0
3681,aph,L,4,2,yes,0,0,0,1,0,0,0,0,0,0,0,0,0,0,0,0,0,0,0,0,0
3682,aph,L,4,2,yes,0,1,0,1,0,0,1,0,0,0,0,0,0,0,0,0,0,0,0,0,0
3683,aph,L,4,2,yes,0,1,0,1,0,0,1,0,0,0,0,0,0,0,0,0,0,0,0,0,0
3685,aph,L,4,2,yes,0,1,0,1,0,1,0,0,0,0,0,0,0,0,0,0,0,0,0,0,0
3781,aph,L,2,2,yes,0,1,1,0,0,1,1,0,0,0,0,0,0,0,0,0,0,0,0,0,0
3782,aph,L,2,2,yes,0,1,1,0,0,1,1,0,0,0,0,0,0,0,0,0,0,0,0,0,0
3792,aph,L,2,2,yes,0,1,0,1,0,1,0,0,0,0,0,0,0,0,0,0,0,0,0,0,0
3793,aph,L,2,2,yes,0,1,0,1,0,1,0,0,0,0,0,0,0,0,0,0,0,0,0,0,0
3794,aph,L,2,2,yes,0,1,0,1,0,0,1,0,0,0,0,0,0,0,0,0,0,0,0,0,0
3795,aph,L,2,2,yes,0,1,0,1,0,1,0,0,0,0,0,0,0,0,0,0,0,0,0,0,0
3796,aph,L,2,2,yes,0,1,0,1,0,1,0,0,0,0,0,0,0,0,0,0,0,0,0,0,0
3798,aph,L,2,2,yes,0,1,0,1,0,0,1,0,0,0,0,0,0,0,0,0,0,0,0,0,0
3901,aph,L,1,2,no,0,1,0,1,0,1,0,0,0,0,0,0,0,0,0,0,0,0,0,0,0
3902,aph,L,1,2,no,0,1,0,1,0,1,0,0,0,0,0,0,0,0,0,0,0,0,0,0,0
3903,aph,L,1,2,no,0,0,0,1,0,0,0,0,0,0,0,0,0,0,0,0,0,0,0,0,0
3904,aph,L,1,2,no,0,1,0,1,0,1,0,0,0,0,0,0,0,0,0,0,0,0,0,0,0
3942,aph,L,6,2,yes,0,1,0,1,0,1,0,0,0,0,0,0,0,0,0,0,0,0,0,0,0
3943,aph,L,6,2,yes,0,1,0,1,0,1,0,0,0,0,0,0,0,0,0,0,0,0,0,0,0
4004,aph,L,6,2,yes,0,1,0,1,0,1,0,0,0,0,0,0,0,0,0,0,0,0,0,0,0
4005,aph,L,6,2,yes,0,1,0,1,0,0,1,0,0,0,0,0,0,0,0,0,0,0,0,0,0
4007,aph,L,6,2,yes,0,0,0,1,0,0,0,0,0,0,0,0,0,0,0,0,0,0,0,0,0
4008,aph,L,6,2,yes,0,0,0,1,0,0,0,0,0,0,0,0,0,0,0,0,0,0,0,0,0
4009,aph,L,6,2,yes,0,1,0,1,0,1,0,0,0,0,0,0,0,0,0,0,0,0,0,0,0
4010,mum,L,6,2,yes,1,0,0,1,0,0,0,0,0,0,0,0,0,0,0,0,0,0,0,0,0
4048,aph,L,6,2,yes,0,1,0,0,1,1,0,0,0,0,0,0,0,0,0,0,0,0,0,0,0
4049,aph,L,6,2,yes,0,1,0,0,1,1,0,0,0,0,0,0,0,0,0,0,0,0,0,0,0
4050,aph,L,6,2,yes,0,1,0,0,1,1,0,0,0,0,0,0,0,0,0,0,0,0,0,0,0
4051,aph,L,6,2,yes,0,0,0,0,1,0,0,0,0,0,0,0,0,0,0,0,0,0,0,0,0
4087,aph,L,3,2,no,0,1,1,0,0,1,1,0,0,0,0,0,0,0,0,0,0,0,0,0,0
4088,aph,L,3,2,no,0,1,1,0,0,1,1,0,0,0,0,0,0,0,0,0,0,0,0,0,0
4089,aph,L,3,2,no,0,1,1,0,0,1,1,0,0,0,0,0,0,0,0,0,0,0,0,0,0
4090,aph,L,3,2,no,0,1,1,0,0,1,1,0,0,0,0,0,0,0,0,0,0,0,0,0,0
4091,aph,L,3,2,no,0,0,1,0,0,0,0,0,0,0,0,0,0,0,0,0,0,0,0,0,0
4092,aph,L,3,2,no,0,1,1,0,0,1,1,0,0,0,0,0,0,0,0,0,0,0,0,0,0
4093,aph,L,3,2,no,0,1,1,0,0,1,0,0,0,0,0,0,0,0,0,0,0,0,0,0,0
4094,aph,L,3,2,no,0,1,1,0,0,1,1,0,0,0,0,0,0,0,0,0,0,0,0,0,0
4095,aph,L,3,2,no,0,1,1,0,0,0,1,0,0,0,0,0,0,0,0,0,0,0,0,0,0
4096,aph,L,3,2,no,0,1,1,0,0,0,1,0,0,0,0,0,0,0,0,0,0,0,0,0,0
4097,aph,L,3,2,no,0,1,1,0,0,0,1,0,0,0,0,0,0,0,0,0,0,0,0,0,0
4098,aph,L,3,2,no,0,1,1,0,0,1,1,0,0,0,0,0,0,0,0,0,0,0,0,0,0
4099,aph,L,3,2,no,0,1,1,0,0,1,1,0,0,0,0,0,0,0,0,0,0,0,0,0,0
4100,aph,L,3,2,no,0,1,0,0,1,1,0,0,0,0,0,0,0,0,0,0,0,0,0,0,0
4101,aph,L,3,2,no,0,0,0,0,1,0,0,0,0,0,0,0,0,0,0,0,0,0,0,0,0
4102,aph,L,3,2,no,0,0,0,0,1,0,0,0,0,0,0,0,0,0,0,0,0,0,0,0,0
4103,aph,L,3,2,no,0,0,0,0,1,0,0,0,0,0,0,0,0,0,0,0,0,0,0,0,0
4104,aph,L,3,2,no,0,0,0,0,1,0,0,0,0,0,0,0,0,0,0,0,0,0,0,0,0
4105,aph,L,3,2,no,0,0,0,0,1,0,0,0,0,0,0,0,0,0,0,0,0,0,0,0,0
4106,aph,L,3,2,no,0,0,0,0,1,0,0,0,0,0,0,0,0,0,0,0,0,0,0,0,0
4107,aph,L,3,2,no,0,1,0,0,1,1,0,0,0,0,0,0,0,0,0,0,0,0,0,0,0
4108,aph,L,3,2,no,0,0,0,0,1,0,0,0,0,0,0,0,0,0,0,0,0,0,0,0,0
4109,aph,L,3,2,no,0,0,0,0,1,0,0,0,0,0,0,0,0,0,0,0,0,0,0,0,0
4110,aph,L,3,2,no,0,0,0,0,1,0,0,0,0,0,0,0,0,0,0,0,0,0,0,0,0
4111,aph,L,3,2,no,0,0,0,0,1,0,0,0,0,0,0,0,0,0,0,0,0,0,0,0,0
4112,aph,L,3,2,no,0,1,0,0,1,1,0,0,0,0,0,0,0,0,0,0,0,0,0,0,0
4113,aph,L,3,2,no,0,0,0,0,1,0,0,0,0,0,0,0,0,0,0,0,0,0,0,0,0
4114,aph,L,3,2,no,0,0,0,0,1,0,0,0,0,0,0,0,0,0,0,0,0,0,0,0,0
4115,aph,L,3,2,no,0,1,0,0,1,1,0,0,0,0,0,0,0,0,0,0,0,0,0,0,0
4116,aph,L,3,2,no,0,0,0,0,1,0,0,0,0,0,0,0,0,0,0,0,0,0,0,0,0
4117,aph,L,3,2,no,0,0,0,0,1,0,0,0,0,0,0,0,0,0,0,0,0,0,0,0,0
4118,aph,L,3,2,no,0,1,0,0,1,1,0,0,0,0,0,0,0,0,0,0,0,0,0,0,0
4119,aph,L,3,2,no,0,0,0,0,1,0,0,0,0,0,0,0,0,0,0,0,0,0,0,0,0
4120,aph,L,3,2,no,0,1,0,0,1,1,0,0,0,0,0,0,0,0,0,0,0,0,0,0,0
4121,aph,L,3,2,no,0,0,0,0,1,0,0,0,0,0,0,0,0,0,0,0,0,0,0,0,0
4122,aph,L,3,2,no,0,1,0,0,1,1,0,0,0,0,0,0,0,0,0,0,0,0,0,0,0
4123,aph,L,3,2,no,0,0,0,0,1,0,0,0,0,0,0,0,0,0,0,0,0,0,0,0,0
4124,aph,L,3,2,no,0,0,0,0,1,0,0,0,0,0,0,0,0,0,0,0,0,0,0,0,0
4125,aph,L,3,2,no,0,0,0,0,1,0,0,0,0,0,0,0,0,0,0,0,0,0,0,0,0
4126,aph,L,3,2,no,0,0,0,0,1,0,0,0,0,0,0,0,0,0,0,0,0,0,0,0,0
4127,aph,L,3,2,no,0,0,0,0,1,0,0,0,0,0,0,0,0,0,0,0,0,0,0,0,0
4128,aph,L,3,2,no,0,0,0,0,1,0,0,0,0,0,0,0,0,0,0,0,0,0,0,0,0
4129,aph,L,3,2,no,0,0,0,0,1,0,0,0,0,0,0,0,0,0,0,0,0,0,0,0,0
4134,mum,L,3,2,no,1,1,1,0,0,1,0,0,0,0,0,0,0,0,0,0,0,0,0,0,0
4138,mum,L,3,2,no,1,0,1,0,0,0,0,0,0,0,0,0,0,0,0,0,0,0,0,0,0
4140,mum,L,3,2,no,1,1,1,0,0,0,1,0,0,0,0,0,0,0,0,0,0,0,0,0,0
4147,aph,L,3,2,no,0,1,0,1,0,0,1,0,0,0,0,0,0,0,0,0,0,0,0,0,0
4149,aph,L,3,2,no,0,1,0,1,0,1,0,0,0,0,0,0,0,0,0,0,0,0,0,0,0
4150,aph,L,3,2,no,0,1,0,1,0,1,0,0,0,0,0,0,0,0,0,0,0,0,0,0,0
4151,aph,L,3,2,no,0,1,0,1,0,0,1,0,0,0,0,0,0,0,0,0,0,0,0,0,0
4152,aph,L,3,2,no,0,1,0,1,0,0,1,0,0,0,0,0,0,0,0,0,0,0,0,0,0
4232,aph,L,5,2,no,0,1,0,1,0,0,1,0,0,0,0,0,0,0,0,0,0,0,0,0,0
4233,aph,L,5,2,no,0,1,0,1,0,1,0,0,0,0,0,0,0,0,0,0,0,0,0,0,0
4234,aph,L,5,2,no,0,1,0,1,0,0,1,0,0,0,0,0,0,0,0,0,0,0,0,0,0
4235,aph,L,5,2,no,0,1,0,1,0,0,1,0,0,0,0,0,0,0,0,0,0,0,0,0,0
4299,mum,L,2,2,yes,1,1,0,1,0,0,1,0,0,0,0,0,0,0,0,0,0,0,0,0,0
4338,mum,L,6,2,yes,1,0,1,0,0,0,0,0,0,0,0,0,0,0,0,0,0,0,0,0,0
4381,mum,L,3,2,no,1,0,1,0,0,0,0,0,0,0,0,0,0,0,0,0,0,0,0,0,0
3540,mum,H,6,3,yes,1,1,1,0,0,1,1,0,1,0,0,0,0,0,0,1,0,0,0,0,0
3216,mum,H,3,3,no,1,0,1,0,0,0,0,0,0,0,0,0,0,0,0,1,0,0,0,0,0
3382,mum,H,4,3,yes,1,0,1,0,0,0,0,0,0,0,0,0,0,0,0,1,0,0,0,0,0
3383,mum,H,4,3,yes,1,1,1,0,0,1,1,0,1,0,0,0,0,0,0,0,0,1,0,1,0
3384,mum,H,4,3,yes,1,0,0,1,0,0,0,0,0,0,1,0,0,0,0,0,0,0,0,0,1
3386,mum,H,4,3,yes,1,0,1,0,0,0,0,0,1,0,0,0,0,0,0,0,0,1,0,0,0
3541,mum,H,6,3,yes,1,0,1,0,0,0,0,0,1,0,0,0,0,0,0,0,0,1,0,0,0
3542,mum,H,6,3,yes,1,0,1,0,0,0,0,0,0,0,0,0,0,0,1,0,1,0,0,0,0
3912,mum,L,1,3,no,1,0,0,1,0,0,0,0,0,1,0,0,0,0,0,0,0,1,0,0,0
3913,mum,L,1,3,no,1,0,0,1,0,0,0,0,0,1,0,0,0,0,0,0,0,0,0,1,0
3964,mum,L,6,3,yes,1,0,1,0,0,0,0,0,0,0,0,0,1,0,0,0,0,1,0,0,0
3965,mum,L,6,3,yes,1,1,1,0,0,1,0,0,0,0,0,0,1,0,0,0,0,1,0,0,0
3966,mum,L,6,3,yes,1,1,1,0,0,1,0,0,0,0,0,0,1,0,0,0,0,1,0,0,0
3968,mum,L,6,3,yes,1,1,1,0,0,1,0,0,0,0,0,0,1,0,0,0,0,1,0,0,0
3969,mum,L,6,3,yes,1,1,1,0,0,1,1,0,0,0,0,0,1,0,0,0,0,1,0,0,0
3970,mum,L,6,3,yes,1,1,1,0,0,1,0,0,0,0,0,0,1,0,0,0,0,1,0,0,0
3973,mum,L,6,3,yes,1,1,1,0,0,1,1,0,0,0,0,0,1,0,0,0,0,1,0,0,0
3974,mum,L,6,3,yes,1,0,1,0,0,0,0,0,0,0,0,0,0,0,0,0,0,1,0,0,1
3980,mum,L,6,3,yes,1,1,1,0,0,1,1,0,1,0,0,0,0,0,0,0,0,0,0,1,0
3984,mum,L,6,3,yes,1,1,0,1,0,1,1,0,0,0,1,0,0,0,0,0,0,0,1,0,0
3985,mum,L,6,3,yes,1,1,1,0,0,1,1,0,1,0,0,0,0,0,0,0,1,0,0,0,0
3986,mum,L,6,3,yes,1,1,1,0,0,1,0,0,1,0,0,0,0,0,0,0,0,1,0,0,0
3988,mum,L,6,3,yes,1,0,1,0,0,0,0,0,1,0,0,0,0,0,0,0,1,0,0,0,0
3989,mum,L,6,3,yes,1,1,1,0,0,1,0,0,0,0,0,0,1,0,0,0,0,1,0,0,0
3991,mum,L,6,3,yes,1,1,1,0,0,1,0,0,0,0,0,0,1,0,0,0,0,0,0,0,1
3993,mum,L,6,3,yes,1,1,1,0,0,1,0,0,0,0,0,0,0,0,0,0,0,0,0,0,1
3994,mum,L,6,3,yes,1,1,1,0,0,1,1,0,0,0,0,0,1,0,0,0,0,1,0,0,0
3202,aph,H,3,3,no,1,1,0,1,0,1,0,0,0,1,0,0,0,0,0,0,0,0,0,0,0
3203,aph,H,3,3,no,1,0,0,1,0,0,0,0,0,1,0,0,0,0,0,0,0,0,0,0,0
3205,aph,H,3,3,no,1,1,0,1,0,0,1,0,0,1,0,0,0,0,0,0,0,0,0,0,0
3210,mum,H,3,3,no,1,0,0,1,0,0,0,0,0,0,1,0,0,0,0,0,0,0,0,0,0
3533,mum,H,6,3,yes,1,1,1,0,0,1,0,0,0,1,0,0,0,0,0,0,0,0,0,0,0
3539,mum,H,6,3,yes,1,0,0,1,0,0,0,0,0,1,0,0,0,0,0,0,0,0,0,0,0
3688,aph,L,4,3,yes,1,1,0,1,0,1,0,0,0,0,1,0,0,0,0,0,0,0,0,0,0
3785,mum,L,2,3,yes,1,0,0,1,0,0,0,0,0,0,1,0,0,0,0,0,0,0,0,0,0
3911,mum,L,1,3,no,1,1,0,1,0,1,0,0,0,0,1,0,0,0,0,0,0,0,0,0,0
3975,mum,L,6,3,yes,1,1,1,0,0,1,1,1,0,1,0,0,1,0,0,0,0,0,0,0,0
3981,mum,L,6,3,yes,1,0,0,1,0,0,0,0,0,0,1,0,0,0,0,0,0,0,0,0,0
3983,mum,L,6,3,yes,1,0,1,0,0,0,0,0,0,0,1,0,0,0,0,0,0,0,0,0,0
3987,mum,L,6,3,yes,1,1,0,1,0,1,0,0,0,1,0,0,0,0,0,0,0,0,0,0,0
3990,mum,L,6,3,yes,1,1,1,0,0,1,1,0,0,0,1,0,0,0,0,0,0,0,0,0,0
3209,mum,H,3,3,no,1,1,0,1,0,1,0,0,1,0,0,0,0,0,0,0,0,0,0,0,0
3211,mum,H,3,3,no,1,0,1,0,0,0,0,0,1,0,0,0,0,0,0,0,0,0,0,0,0
3212,mum,H,3,3,no,1,0,1,0,0,0,0,0,1,0,0,0,0,0,0,0,0,0,0,0,0
3385,mum,H,4,3,yes,1,0,1,0,0,0,0,0,1,0,0,0,0,0,0,0,0,0,0,0,0
3532,mum,H,6,3,yes,1,0,0,1,0,0,0,1,0,0,0,0,0,0,0,0,0,0,0,0,0
3535,mum,H,6,3,yes,1,0,0,1,0,0,0,1,0,0,0,0,0,0,0,0,0,0,0,0,0
3536,mum,H,6,3,yes,1,1,1,0,0,1,0,0,1,0,0,0,0,0,0,0,0,0,0,0,0
3537,mum,H,6,3,yes,1,0,0,1,0,0,0,0,1,0,0,0,0,0,0,0,0,0,0,0,0
3563,mum,H,6,3,yes,1,0,0,0,1,0,0,1,0,0,0,0,0,0,0,0,0,0,0,0,0
3564,mum,H,6,3,yes,1,0,0,1,0,0,0,0,1,0,0,0,0,0,0,0,0,0,0,0,0
3803,aph,L,2,3,yes,1,1,0,1,0,1,0,0,1,0,0,0,0,0,0,0,0,0,0,0,0
3906,aph,L,1,3,no,1,1,0,1,0,1,0,0,1,0,0,0,0,0,0,0,0,0,0,0,0
3950,aph,L,6,3,yes,1,1,1,0,0,1,1,0,1,0,0,0,0,0,0,0,0,0,0,0,0
3955,aph,L,6,3,yes,1,1,1,0,0,1,1,1,0,0,0,0,1,0,0,0,0,0,0,0,0
3963,aph,L,6,3,yes,1,1,1,0,0,0,1,0,0,0,0,0,1,0,0,0,0,0,0,0,0
3967,mum,L,6,3,yes,1,1,1,0,0,1,1,0,0,0,0,0,1,0,0,0,0,0,0,0,0
3971,mum,L,6,3,yes,1,1,1,0,0,0,1,0,0,0,0,0,1,0,0,0,0,0,0,0,0
3972,mum,L,6,3,yes,1,0,1,0,0,0,0,0,0,0,0,0,1,0,0,0,0,0,0,0,0
3976,mum,L,6,3,yes,1,1,1,0,0,1,0,0,0,0,0,0,1,0,0,0,0,0,0,0,0
3977,mum,L,6,3,yes,1,1,1,0,0,1,1,0,0,0,0,0,1,0,0,0,0,0,0,0,0
3978,mum,L,6,3,yes,1,0,0,1,0,0,0,0,0,0,0,0,1,0,0,0,0,0,0,0,0
3979,mum,L,6,3,yes,1,1,1,0,0,1,0,0,0,0,0,0,1,0,0,0,0,0,0,0,0
3992,mum,L,6,3,yes,1,1,1,0,0,1,0,1,0,0,0,0,0,0,0,0,0,0,0,0,0
4013,aph,L,6,3,yes,1,1,0,1,0,0,1,0,0,0,0,0,1,0,0,0,0,0,0,0,0
4045,aph,L,6,3,yes,1,0,0,0,1,0,0,0,1,0,0,0,0,0,0,0,0,0,0,0,0
4047,aph,L,6,3,yes,1,0,0,0,1,0,0,0,1,0,0,0,0,0,0,0,0,0,0,0,0
4062,mum,L,6,3,yes,1,1,0,1,0,0,1,0,0,0,0,0,1,0,0,0,0,0,0,0,0
4236,aph,L,5,3,no,1,1,0,1,0,1,0,0,1,0,0,0,0,0,0,0,0,0,0,0,0
3116,aph,H,1,3,no,0,1,0,1,0,0,1,0,0,0,0,0,0,0,0,0,0,0,0,0,0
3117,aph,H,1,3,no,0,1,0,1,0,0,1,0,0,0,0,0,0,0,0,0,0,0,0,0,0
3118,aph,H,1,3,no,0,1,0,1,0,0,1,0,0,0,0,0,0,0,0,0,0,0,0,0,0
3119,aph,H,1,3,no,0,1,0,1,0,1,0,0,0,0,0,0,0,0,0,0,0,0,0,0,0
3120,aph,H,1,3,no,0,0,0,1,0,0,0,0,0,0,0,0,0,0,0,0,0,0,0,0,0
3121,aph,H,1,3,no,0,1,0,1,0,0,1,0,0,0,0,0,0,0,0,0,0,0,0,0,0
3122,aph,H,1,3,no,0,0,0,1,0,0,0,0,0,0,0,0,0,0,0,0,0,0,0,0,0
3123,aph,H,1,3,no,0,1,0,1,0,0,1,0,0,0,0,0,0,0,0,0,0,0,0,0,0
3124,aph,H,1,3,no,0,1,0,1,0,0,1,0,0,0,0,0,0,0,0,0,0,0,0,0,0
3125,aph,H,1,3,no,0,1,0,1,0,1,0,0,0,0,0,0,0,0,0,0,0,0,0,0,0
3126,aph,H,1,3,no,0,1,0,1,0,0,1,0,0,0,0,0,0,0,0,0,0,0,0,0,0
3127,aph,H,1,3,no,0,1,0,1,0,1,1,0,0,0,0,0,0,0,0,0,0,0,0,0,0
3204,aph,H,3,3,no,0,1,0,1,0,1,0,0,0,0,0,0,0,0,0,0,0,0,0,0,0
3206,aph,H,3,3,no,0,1,0,1,0,1,0,0,0,0,0,0,0,0,0,0,0,0,0,0,0
3207,aph,H,3,3,no,0,0,0,1,0,0,0,0,0,0,0,0,0,0,0,0,0,0,0,0,0
3208,aph,H,3,3,no,0,0,0,1,0,0,0,0,0,0,0,0,0,0,0,0,0,0,0,0,0
3213,mum,H,3,3,no,1,0,1,0,0,0,0,0,0,0,0,0,0,0,0,0,0,0,0,0,0
3214,mum,H,3,3,no,1,0,1,0,0,0,0,0,0,0,0,0,0,0,0,0,0,0,0,0,0
3215,mum,H,3,3,no,1,0,0,1,0,0,0,0,0,0,0,0,0,0,0,0,0,0,0,0,0
3255,aph,H,5,3,no,0,1,0,1,0,0,1,0,0,0,0,0,0,0,0,0,0,0,0,0,0
3387,mum,H,4,3,yes,1,0,0,1,0,0,0,0,0,0,0,0,0,0,0,0,0,0,0,0,0
3534,mum,H,6,3,yes,1,0,1,0,0,0,0,0,0,0,0,0,0,0,0,0,0,0,0,0,0
3538,mum,H,6,3,yes,1,0,0,1,0,0,0,0,0,0,0,0,0,0,0,0,0,0,0,0,0
3561,aph,H,6,3,yes,0,0,0,1,0,0,0,0,0,0,0,0,0,0,0,0,0,0,0,0,0
3562,aph,H,6,3,yes,0,1,0,1,0,0,1,0,0,0,0,0,0,0,0,0,0,0,0,0,0
3689,aph,L,4,3,yes,0,1,0,1,0,0,1,0,0,0,0,0,0,0,0,0,0,0,0,0,0
3690,aph,L,4,3,yes,0,1,0,1,0,0,1,0,0,0,0,0,0,0,0,0,0,0,0,0,0
3691,aph,L,4,3,yes,0,1,0,1,0,0,1,0,0,0,0,0,0,0,0,0,0,0,0,0,0
3692,aph,L,4,3,yes,0,1,0,1,0,0,1,0,0,0,0,0,0,0,0,0,0,0,0,0,0
3693,aph,L,4,3,yes,0,1,0,1,0,0,1,0,0,0,0,0,0,0,0,0,0,0,0,0,0
3799,aph,L,2,3,yes,0,1,0,1,0,1,0,0,0,0,0,0,0,0,0,0,0,0,0,0,0
3800,aph,L,2,3,yes,0,1,0,1,0,1,0,0,0,0,0,0,0,0,0,0,0,0,0,0,0
3801,aph,L,2,3,yes,0,1,0,1,0,1,0,0,0,0,0,0,0,0,0,0,0,0,0,0,0
3802,aph,L,2,3,yes,0,1,0,1,0,1,0,0,0,0,0,0,0,0,0,0,0,0,0,0,0
3804,aph,L,2,3,yes,0,1,0,1,0,1,0,0,0,0,0,0,0,0,0,0,0,0,0,0,0
3907,aph,L,1,3,no,0,1,0,1,0,0,1,0,0,0,0,0,0,0,0,0,0,0,0,0,0
3908,aph,L,1,3,no,0,1,0,1,0,0,1,0,0,0,0,0,0,0,0,0,0,0,0,0,0
3909,aph,L,1,3,no,0,1,0,1,0,1,0,0,0,0,0,0,0,0,0,0,0,0,0,0,0
3910,aph,L,1,3,no,0,1,0,1,0,0,1,0,0,0,0,0,0,0,0,0,0,0,0,0,0
3944,aph,L,6,3,yes,0,1,1,0,0,1,1,0,0,0,0,0,0,0,0,0,0,0,0,0,0
3945,aph,L,6,3,yes,0,1,1,0,0,1,1,0,0,0,0,0,0,0,0,0,0,0,0,0,0
3946,aph,L,6,3,yes,0,1,1,0,0,1,1,0,0,0,0,0,0,0,0,0,0,0,0,0,0
3947,aph,L,6,3,yes,0,1,1,0,0,0,1,0,0,0,0,0,0,0,0,0,0,0,0,0,0
3948,aph,L,6,3,yes,0,1,1,0,0,1,1,0,0,0,0,0,0,0,0,0,0,0,0,0,0
3949,aph,L,6,3,yes,0,1,1,0,0,1,1,0,0,0,0,0,0,0,0,0,0,0,0,0,0
3951,aph,L,6,3,yes,0,1,1,0,0,1,1,0,0,0,0,0,0,0,0,0,0,0,0,0,0
3952,aph,L,6,3,yes,0,1,1,0,0,1,1,0,0,0,0,0,0,0,0,0,0,0,0,0,0
3953,aph,L,6,3,yes,0,1,1,0,0,0,1,0,0,0,0,0,0,0,0,0,0,0,0,0,0
3954,aph,L,6,3,yes,0,1,1,0,0,1,0,0,0,0,0,0,0,0,0,0,0,0,0,0,0
3956,aph,L,6,3,yes,0,1,1,0,0,0,1,0,0,0,0,0,0,0,0,0,0,0,0,0,0
3957,aph,L,6,3,yes,0,1,1,0,0,1,0,0,0,0,0,0,0,0,0,0,0,0,0,0,0
3958,aph,L,6,3,yes,0,1,1,0,0,1,0,0,0,0,0,0,0,0,0,0,0,0,0,0,0
3959,aph,L,6,3,yes,0,1,1,0,0,0,1,0,0,0,0,0,0,0,0,0,0,0,0,0,0
3960,aph,L,6,3,yes,0,1,1,0,0,1,1,0,0,0,0,0,0,0,0,0,0,0,0,0,0
3961,aph,L,6,3,yes,0,1,1,0,0,1,1,0,0,0,0,0,0,0,0,0,0,0,0,0,0
3962,aph,L,6,3,yes,0,1,1,0,0,0,1,0,0,0,0,0,0,0,0,0,0,0,0,0,0
3982,mum,L,6,3,yes,1,1,1,0,0,1,0,0,0,0,0,0,0,0,0,0,0,0,0,0,0
4012,aph,L,6,3,yes,0,1,0,1,0,1,0,0,0,0,0,0,0,0,0,0,0,0,0,0,0
4014,aph,L,6,3,yes,0,1,0,1,0,1,0,0,0,0,0,0,0,0,0,0,0,0,0,0,0
4015,aph,L,6,3,yes,0,0,0,1,0,0,0,0,0,0,0,0,0,0,0,0,0,0,0,0,0
4016,aph,L,6,3,yes,0,1,0,1,0,1,0,0,0,0,0,0,0,0,0,0,0,0,0,0,0
4040,aph,L,6,3,yes,0,0,0,0,1,0,0,0,0,0,0,0,0,0,0,0,0,0,0,0,0
4042,aph,L,6,3,yes,0,0,0,0,1,0,0,0,0,0,0,0,0,0,0,0,0,0,0,0,0
4043,aph,L,6,3,yes,0,1,0,0,1,1,0,0,0,0,0,0,0,0,0,0,0,0,0,0,0
4044,aph,L,6,3,yes,0,0,0,0,1,0,0,0,0,0,0,0,0,0,0,0,0,0,0,0,0
4058,aph,L,6,3,yes,0,1,0,0,1,1,0,0,0,0,0,0,0,0,0,0,0,0,0,0,0
4059,aph,L,6,3,yes,0,1,0,0,1,1,0,0,0,0,0,0,0,0,0,0,0,0,0,0,0
4060,aph,L,6,3,yes,0,0,0,0,1,0,0,0,0,0,0,0,0,0,0,0,0,0,0,0,0
4061,aph,L,6,3,yes,0,1,0,0,1,1,0,0,0,0,0,0,0,0,0,0,0,0,0,0,0
4063,mum,L,6,3,yes,1,1,1,0,0,0,1,0,0,0,0,0,0,0,0,0,0,0,0,0,0
4153,aph,L,3,3,no,0,0,0,1,0,0,0,0,0,0,0,0,0,0,0,0,0,0,0,0,0
4154,aph,L,3,3,no,0,1,0,1,0,0,1,0,0,0,0,0,0,0,0,0,0,0,0,0,0
4155,aph,L,3,3,no,0,1,0,1,0,1,0,0,0,0,0,0,0,0,0,0,0,0,0,0,0
4156,aph,L,3,3,no,0,1,0,1,0,1,0,0,0,0,0,0,0,0,0,0,0,0,0,0,0
4157,aph,L,3,3,no,0,1,0,1,0,0,1,0,0,0,0,0,0,0,0,0,0,0,0,0,0
4158,aph,L,3,3,no,0,1,0,1,0,0,1,0,0,0,0,0,0,0,0,0,0,0,0,0,0
4237,aph,L,5,3,no,0,1,0,1,0,0,1,0,0,0,0,0,0,0,0,0,0,0,0,0,0
4238,aph,L,5,3,no,0,0,0,1,0,0,0,0,0,0,0,0,0,0,0,0,0,0,0,0,0
4239,aph,L,5,3,no,0,1,0,1,0,1,0,0,0,0,0,0,0,0,0,0,0,0,0,0,0
4240,aph,L,5,3,no,0,1,0,1,0,0,1,0,0,0,0,0,0,0,0,0,0,0,0,0,0
4241,aph,L,5,3,no,0,1,0,1,0,0,1,0,0,0,0,0,0,0,0,0,0,0,0,0,0
3135,aph,H,1,4,no,1,0,0,1,0,0,0,0,0,0,0,0,0,0,0,0,0,0,0,0,0
3391,mum,H,4,4,yes,1,0,1,0,0,0,0,0,0,0,0,0,1,0,0,0,0,0,0,0,0
3256,mum,H,5,4,no,1,1,0,1,0,1,0,1,0,0,0,0,0,0,0,0,1,0,0,0,0
3545,mum,H,6,4,yes,1,1,1,0,0,1,0,0,1,0,0,0,0,0,0,0,0,0,0,0,0
3548,mum,H,6,4,yes,1,0,1,0,0,0,0,0,1,0,0,0,0,0,0,0,0,0,0,0,0
3222,mum,H,3,4,no,1,0,0,1,0,0,0,0,0,0,0,0,0,0,0,0,0,0,0,0,1
3258,mum,H,5,4,no,1,0,1,0,0,0,0,0,1,0,0,0,0,0,1,0,0,0,0,0,0
3259,mum,H,5,4,no,1,0,0,1,0,0,0,0,0,0,0,0,0,0,0,0,0,0,0,0,1
3543,mum,H,6,4,yes,1,1,1,0,0,1,0,1,0,0,0,0,0,0,0,0,0,1,0,0,0
3547,mum,H,6,4,yes,1,1,1,0,0,1,0,0,0,0,0,0,0,0,0,0,0,1,0,0,0
3920,mum,L,1,4,no,1,0,0,1,0,0,0,0,0,0,0,0,1,0,0,0,0,1,0,0,0
4168,mum,L,3,4,no,1,0,0,1,0,0,0,0,0,0,0,0,1,0,0,0,0,1,0,0,0
3218,aph,H,3,4,no,1,1,0,1,0,1,0,0,0,1,0,0,0,0,0,0,0,0,0,0,0
3696,aph,L,4,4,yes,1,1,0,1,0,1,0,0,0,1,0,0,0,0,0,0,0,0,0,0,0
4021,aph,L,6,4,yes,1,1,0,1,0,1,0,0,0,1,0,0,1,0,0,0,0,0,0,0,0
4246,mum,L,5,4,no,1,0,0,1,0,0,0,0,0,1,0,0,0,0,0,0,0,0,0,0,0
4247,mum,L,5,4,no,1,1,0,1,0,1,1,0,0,1,0,0,0,0,0,0,0,0,0,0,0
3130,aph,H,1,4,no,1,1,0,1,0,0,1,0,1,0,0,0,0,0,0,0,0,0,0,0,0
3221,mum,H,3,4,no,1,0,0,1,0,0,0,0,1,0,0,0,0,0,0,0,0,0,0,0,0
3257,mum,H,5,4,no,1,1,1,0,0,1,1,0,0,0,0,0,1,0,0,0,0,0,0,0,0
3260,mum,H,5,4,no,1,0,1,0,0,0,0,0,1,0,0,0,0,0,0,0,0,0,0,0,0
3546,mum,H,6,4,yes,1,0,1,0,0,0,0,0,1,0,0,0,0,0,0,0,0,0,0,0,0
3549,mum,H,6,4,yes,1,1,1,0,0,1,0,0,1,0,0,0,0,0,0,0,0,0,0,0,0
3550,mum,H,6,4,yes,1,0,1,0,0,0,0,0,1,0,0,0,0,0,0,0,0,0,0,0,0
3572,mum,H,6,4,yes,1,0,1,0,0,0,0,0,1,0,0,0,0,0,0,0,0,0,0,0,0
3573,mum,H,6,4,yes,1,0,1,0,0,0,0,0,1,0,0,0,0,0,0,0,0,0,0,0,0
3809,aph,L,2,4,yes,1,1,0,1,0,0,1,0,1,0,0,0,0,0,0,0,0,0,0,0,0
4022,aph,L,6,4,yes,1,1,0,1,0,1,0,0,0,0,0,0,1,0,0,0,0,0,0,0,0
4023,mum,L,6,4,yes,1,1,0,1,0,0,1,0,0,0,0,1,0,0,0,0,0,0,0,0,0
4167,mum,L,3,4,no,1,0,0,0,1,0,0,0,0,0,0,0,1,0,0,0,0,0,0,0,0
3128,aph,H,1,4,no,0,1,0,1,0,0,1,0,0,0,0,0,0,0,0,0,0,0,0,0,0
3129,aph,H,1,4,no,0,1,0,1,0,0,1,0,0,0,0,0,0,0,0,0,0,0,0,0,0
3131,aph,H,1,4,no,0,1,0,1,0,1,0,0,0,0,0,0,0,0,0,0,0,0,0,0,0
3132,aph,H,1,4,no,0,1,0,1,0,1,0,0,0,0,0,0,0,0,0,0,0,0,0,0,0
3133,aph,H,1,4,no,0,1,0,1,0,1,0,0,0,0,0,0,0,0,0,0,0,0,0,0,0
3134,aph,H,1,4,no,0,1,0,1,0,0,1,0,0,0,0,0,0,0,0,0,0,0,0,0,0
3217,aph,H,3,4,no,0,1,0,1,0,0,1,0,0,0,0,0,0,0,0,0,0,0,0,0,0
3219,aph,H,3,4,no,0,1,0,1,0,0,1,0,0,0,0,0,0,0,0,0,0,0,0,0,0
3220,aph,H,3,4,no,0,1,0,1,0,0,1,0,0,0,0,0,0,0,0,0,0,0,0,0,0
3388,aph,H,4,4,yes,0,0,0,0,1,0,0,0,0,0,0,0,0,0,0,0,0,0,0,0,0
3390,aph,H,4,4,yes,0,0,0,0,1,0,0,0,0,0,0,0,0,0,0,0,0,0,0,0,0
3392,aph,H,4,4,yes,0,0,0,0,1,0,0,0,0,0,0,0,0,0,0,0,0,0,0,0,0
3393,aph,H,4,4,yes,0,0,0,0,1,0,0,0,0,0,0,0,0,0,0,0,0,0,0,0,0
3394,aph,H,4,4,yes,0,0,0,0,1,0,0,0,0,0,0,0,0,0,0,0,0,0,0,0,0
3544,mum,H,6,4,yes,1,0,1,0,0,0,0,0,0,0,0,0,0,0,0,0,0,0,0,0,0
3565,aph,H,6,4,yes,0,0,0,1,0,0,0,0,0,0,0,0,0,0,0,0,0,0,0,0,0
3566,aph,H,6,4,yes,0,1,0,1,0,1,0,0,0,0,0,0,0,0,0,0,0,0,0,0,0
3567,aph,H,6,4,yes,0,1,0,1,0,1,0,0,0,0,0,0,0,0,0,0,0,0,0,0,0
3568,aph,H,6,4,yes,0,1,0,1,0,1,0,0,0,0,0,0,0,0,0,0,0,0,0,0,0
3569,aph,H,6,4,yes,0,1,0,1,0,0,1,0,0,0,0,0,0,0,0,0,0,0,0,0,0
3570,aph,H,6,4,yes,0,1,0,1,0,1,0,0,0,0,0,0,0,0,0,0,0,0,0,0,0
3571,aph,H,6,4,yes,0,1,0,1,0,1,0,0,0,0,0,0,0,0,0,0,0,0,0,0,0
3584,aph,H,6,4,yes,0,1,0,1,0,0,1,0,0,0,0,0,0,0,0,0,0,0,0,0,0
3585,aph,H,6,4,yes,0,1,0,1,0,0,1,0,0,0,0,0,0,0,0,0,0,0,0,0,0
3586,aph,H,6,4,yes,0,1,0,1,0,0,1,0,0,0,0,0,0,0,0,0,0,0,0,0,0
3587,aph,H,6,4,yes,0,0,0,1,0,0,0,0,0,0,0,0,0,0,0,0,0,0,0,0,0
3694,aph,L,4,4,yes,0,1,0,1,0,0,1,0,0,0,0,0,0,0,0,0,0,0,0,0,0
3695,aph,L,4,4,yes,0,1,0,1,0,1,0,0,0,0,0,0,0,0,0,0,0,0,0,0,0
3697,aph,L,4,4,yes,0,1,0,1,0,0,1,0,0,0,0,0,0,0,0,0,0,0,0,0,0
3698,aph,L,4,4,yes,0,1,0,1,0,0,1,0,0,0,0,0,0,0,0,0,0,0,0,0,0
3699,aph,L,4,4,yes,0,1,0,1,0,1,0,0,0,0,0,0,0,0,0,0,0,0,0,0,0
3805,aph,L,2,4,yes,0,1,0,1,0,1,0,0,0,0,0,0,0,0,0,0,0,0,0,0,0
3806,aph,L,2,4,yes,0,1,0,1,0,0,1,0,0,0,0,0,0,0,0,0,0,0,0,0,0
3807,aph,L,2,4,yes,0,1,0,1,0,0,1,0,0,0,0,0,0,0,0,0,0,0,0,0,0
3808,aph,L,2,4,yes,0,0,0,1,0,0,0,0,0,0,0,0,0,0,0,0,0,0,0,0,0
3914,aph,L,1,4,no,0,1,0,1,0,1,0,0,0,0,0,0,0,0,0,0,0,0,0,0,0
3915,aph,L,1,4,no,0,1,0,1,0,1,0,0,0,0,0,0,0,0,0,0,0,0,0,0,0
3916,aph,L,1,4,no,0,1,0,1,0,1,0,0,0,0,0,0,0,0,0,0,0,0,0,0,0
3917,aph,L,1,4,no,0,1,0,1,0,1,0,0,0,0,0,0,0,0,0,0,0,0,0,0,0
3918,aph,L,1,4,no,0,1,0,1,0,1,0,0,0,0,0,0,0,0,0,0,0,0,0,0,0
3919,aph,L,1,4,no,0,1,0,1,0,1,0,0,0,0,0,0,0,0,0,0,0,0,0,0,0
4017,aph,L,6,4,yes,0,1,0,1,0,1,0,0,0,0,0,0,0,0,0,0,0,0,0,0,0
4018,aph,L,6,4,yes,0,1,0,1,0,1,0,0,0,0,0,0,0,0,0,0,0,0,0,0,0
4019,aph,L,6,4,yes,0,1,0,1,0,1,0,0,0,0,0,0,0,0,0,0,0,0,0,0,0
4020,aph,L,6,4,yes,0,1,0,1,0,0,1,0,0,0,0,0,0,0,0,0,0,0,0,0,0
4159,aph,L,3,4,no,0,1,0,1,0,0,1,0,0,0,0,0,0,0,0,0,0,0,0,0,0
4160,aph,L,3,4,no,0,1,0,1,0,0,1,0,0,0,0,0,0,0,0,0,0,0,0,0,0
4161,aph,L,3,4,no,0,1,0,1,0,0,1,0,0,0,0,0,0,0,0,0,0,0,0,0,0
4162,aph,L,3,4,no,0,1,0,1,0,0,1,0,0,0,0,0,0,0,0,0,0,0,0,0,0
4163,aph,L,3,4,no,0,1,0,1,0,0,1,0,0,0,0,0,0,0,0,0,0,0,0,0,0
4164,aph,L,3,4,no,0,1,0,1,0,0,1,0,0,0,0,0,0,0,0,0,0,0,0,0,0
4165,aph,L,3,4,no,0,1,0,1,0,0,1,0,0,0,0,0,0,0,0,0,0,0,0,0,0
4166,aph,L,3,4,no,0,1,0,1,0,0,1,0,0,0,0,0,0,0,0,0,0,0,0,0,0
4242,aph,L,5,4,no,0,1,0,1,0,0,1,0,0,0,0,0,0,0,0,0,0,0,0,0,0
4243,aph,L,5,4,no,0,0,0,1,0,0,0,0,0,0,0,0,0,0,0,0,0,0,0,0,0
4244,aph,L,5,4,no,0,1,0,1,0,0,1,0,0,0,0,0,0,0,0,0,0,0,0,0,0
4245,aph,L,5,4,no,0,1,0,1,0,1,0,0,0,0,0,0,0,0,0,0,0,0,0,0,0
3273,mum,H,5,5,no,1,0,0,1,0,0,0,0,0,1,0,0,0,0,0,0,0,0,0,0,0
3406,mum,H,4,5,yes,1,0,1,0,0,0,0,0,1,0,0,0,0,0,0,0,0,0,0,0,0
3408,mum,H,4,5,yes,1,0,1,0,0,0,0,0,0,0,0,0,0,0,0,0,0,0,0,0,0
3709,mum,L,4,5,yes,1,0,0,1,0,0,0,0,0,1,0,0,0,0,0,0,0,0,0,0,0
3404,mum,H,4,5,yes,1,0,1,0,0,0,0,0,1,0,0,0,0,0,0,0,0,0,0,0,0
3268,mum,H,5,5,no,1,0,0,1,0,0,0,0,0,0,1,0,0,0,0,0,0,0,0,0,1
3270,mum,H,5,5,no,1,0,0,1,0,0,0,0,0,1,0,0,0,0,0,0,1,0,0,0,0
3271,mum,H,5,5,no,1,0,0,1,0,0,0,0,0,0,1,0,0,0,0,0,0,0,0,0,1
3272,mum,H,5,5,no,1,0,0,1,0,0,0,0,0,0,1,0,0,0,0,0,0,0,0,0,1
3274,mum,H,5,5,no,1,0,0,1,0,0,0,0,0,0,1,0,0,0,0,0,0,0,0,0,1
3275,mum,H,5,5,no,1,0,1,0,0,0,0,0,1,0,0,0,0,0,0,0,1,0,0,0,0
3276,mum,H,5,5,no,1,0,0,1,0,0,0,0,0,0,1,0,0,0,0,0,0,0,0,0,1
3399,aph,H,4,5,yes,1,0,0,0,1,0,0,0,0,0,0,0,0,0,0,0,1,0,0,0,0
3400,aph,H,4,5,yes,1,1,0,0,1,1,0,0,0,0,0,0,0,0,1,0,1,0,0,0,0
3401,mum,H,4,5,yes,1,1,1,0,0,0,1,0,1,0,0,0,0,0,0,1,0,0,0,0,0
3402,mum,H,4,5,yes,1,0,0,1,0,0,0,0,0,0,0,0,0,0,0,0,1,0,0,0,0
3407,mum,H,4,5,yes,1,0,1,0,0,0,0,0,1,0,0,0,0,0,0,0,0,1,0,0,0
3409,mum,H,4,5,yes,1,0,1,0,0,0,0,0,1,0,0,0,0,0,0,0,0,0,0,0,1
3411,mum,H,4,5,yes,1,0,0,1,0,0,0,0,1,0,0,0,0,0,0,0,1,0,0,0,0
3706,mum,L,4,5,yes,1,0,0,1,0,0,0,0,0,1,0,0,0,0,0,0,0,0,0,0,1
3707,mum,L,4,5,yes,1,0,0,1,0,0,0,0,0,0,1,0,0,0,0,0,0,0,0,0,1
3711,mum,L,4,5,yes,1,0,0,1,0,0,0,0,0,0,0,0,0,0,0,0,0,0,0,0,1
3712,mum,L,4,5,yes,1,0,0,1,0,0,0,0,0,0,0,0,1,0,0,0,0,0,0,0,1
3713,mum,L,4,5,yes,1,1,0,1,0,1,0,0,0,0,0,0,1,0,0,0,0,0,0,0,1
4255,mum,L,5,5,no,1,0,0,1,0,0,0,0,0,1,0,0,0,0,0,0,0,1,0,0,0
4257,mum,L,5,5,no,1,1,0,1,0,1,1,0,0,1,0,0,0,0,0,0,1,0,0,0,0
3265,aph,H,5,5,no,1,1,0,1,0,1,0,0,0,0,1,0,0,0,0,0,0,0,0,0,0
3269,mum,H,5,5,no,1,0,1,0,0,0,0,0,0,1,0,0,0,0,0,0,0,0,0,0,0
3277,mum,H,5,5,no,1,1,0,1,0,1,0,0,0,1,0,0,0,0,0,0,0,0,0,0,0
3412,mum,H,4,5,yes,1,1,0,1,0,0,1,0,0,1,0,0,1,0,0,0,0,0,0,0,0
3413,mum,H,4,5,yes,1,1,0,1,0,0,1,0,0,1,0,0,1,0,0,0,0,0,0,0,0
3417,aph,H,4,5,yes,1,1,0,1,0,0,1,0,0,1,0,0,0,0,0,0,0,0,0,0,0
3708,mum,L,4,5,yes,1,1,0,1,0,1,0,0,0,1,0,0,0,0,0,0,0,0,0,0,0
3710,mum,L,4,5,yes,1,1,0,1,0,1,0,0,0,1,0,0,0,0,0,0,0,0,0,0,0
4028,mum,L,6,5,yes,1,0,0,1,0,0,0,0,0,0,1,1,0,0,0,0,0,0,0,0,0
4258,mum,L,5,5,no,1,0,0,1,0,0,0,0,0,1,0,0,0,0,0,0,0,0,0,0,0
3403,mum,H,4,5,yes,1,0,0,1,0,0,0,0,1,0,0,0,0,0,0,0,0,0,0,0,0
3410,mum,H,4,5,yes,1,0,1,0,0,0,0,0,1,0,0,0,0,0,0,0,0,0,0,0,0
3576,mum,H,6,5,yes,1,0,1,0,0,0,0,0,1,0,0,0,0,0,0,0,0,0,0,0,0
3925,mum,L,1,5,no,1,1,0,1,0,1,0,0,0,0,0,0,1,0,0,0,0,0,0,0,0
4026,aph,L,6,5,yes,1,0,0,1,0,0,0,0,0,0,0,0,1,0,0,0,0,0,0,0,0
4256,mum,L,5,5,no,1,1,1,0,0,0,1,0,1,0,0,0,0,0,0,0,0,0,0,0,0
3223,aph,H,3,5,no,0,0,0,1,0,0,0,0,0,0,0,0,0,0,0,0,0,0,0,0,0
3224,aph,H,3,5,no,0,1,0,1,0,1,0,0,0,0,0,0,0,0,0,0,0,0,0,0,0
3225,aph,H,3,5,no,0,0,0,1,0,0,0,0,0,0,0,0,0,0,0,0,0,0,0,0,0
3261,aph,H,5,5,no,0,0,0,1,0,0,0,0,0,0,0,0,0,0,0,0,0,0,0,0,0
3262,aph,H,5,5,no,0,1,0,1,0,1,0,0,0,0,0,0,0,0,0,0,0,0,0,0,0
3263,aph,H,5,5,no,0,1,0,1,0,0,1,0,0,0,0,0,0,0,0,0,0,0,0,0,0
3264,aph,H,5,5,no,0,1,0,1,0,1,0,0,0,0,0,0,0,0,0,0,0,0,0,0,0
3266,aph,H,5,5,no,0,0,0,1,0,0,0,0,0,0,0,0,0,0,0,0,0,0,0,0,0
3267,aph,H,5,5,no,0,1,0,1,0,1,0,0,0,0,0,0,0,0,0,0,0,0,0,0,0
3288,aph,H,5,5,no,0,1,0,1,0,1,0,0,0,0,0,0,0,0,0,0,0,0,0,0,0
3395,aph,H,4,5,yes,0,1,1,0,0,1,1,0,0,0,0,0,0,0,0,0,0,0,0,0,0
3396,aph,H,4,5,yes,0,0,0,0,1,0,0,0,0,0,0,0,0,0,0,0,0,0,0,0,0
3397,aph,H,4,5,yes,0,1,0,0,1,1,0,0,0,0,0,0,0,0,0,0,0,0,0,0,0
3398,aph,H,4,5,yes,0,0,0,0,1,0,0,0,0,0,0,0,0,0,0,0,0,0,0,0,0
3405,mum,H,4,5,yes,1,0,0,1,0,0,0,0,0,0,0,0,0,0,0,0,0,0,0,0,0
3414,aph,H,4,5,yes,0,1,0,1,0,0,1,0,0,0,0,0,0,0,0,0,0,0,0,0,0
3415,aph,H,4,5,yes,0,1,0,1,0,1,1,0,0,0,0,0,0,0,0,0,0,0,0,0,0
3416,aph,H,4,5,yes,0,0,0,1,0,0,0,0,0,0,0,0,0,0,0,0,0,0,0,0,0
3574,aph,H,6,5,yes,0,1,0,1,0,0,1,0,0,0,0,0,0,0,0,0,0,0,0,0,0
3575,aph,H,6,5,yes,0,1,0,1,0,1,0,0,0,0,0,0,0,0,0,0,0,0,0,0,0
3700,aph,L,4,5,yes,0,1,0,1,0,1,0,0,0,0,0,0,0,0,0,0,0,0,0,0,0
3701,aph,L,4,5,yes,0,1,0,1,0,1,0,0,0,0,0,0,0,0,0,0,0,0,0,0,0
3702,aph,L,4,5,yes,0,1,0,1,0,1,0,0,0,0,0,0,0,0,0,0,0,0,0,0,0
3703,aph,L,4,5,yes,0,1,0,1,0,1,0,0,0,0,0,0,0,0,0,0,0,0,0,0,0
3704,aph,L,4,5,yes,0,1,0,1,0,1,0,0,0,0,0,0,0,0,0,0,0,0,0,0,0
3705,aph,L,4,5,yes,0,1,0,1,0,1,0,0,0,0,0,0,0,0,0,0,0,0,0,0,0
3810,aph,L,2,5,yes,0,1,0,1,0,1,0,0,0,0,0,0,0,0,0,0,0,0,0,0,0
3811,aph,L,2,5,yes,0,1,0,1,0,0,1,0,0,0,0,0,0,0,0,0,0,0,0,0,0
3812,aph,L,2,5,yes,0,1,0,1,0,1,0,0,0,0,0,0,0,0,0,0,0,0,0,0,0
3813,aph,L,2,5,yes,0,1,0,1,0,1,0,0,0,0,0,0,0,0,0,0,0,0,0,0,0
3814,aph,L,2,5,yes,0,1,0,1,0,0,1,0,0,0,0,0,0,0,0,0,0,0,0,0,0
3815,aph,L,2,5,yes,0,1,0,1,0,1,0,0,0,0,0,0,0,0,0,0,0,0,0,0,0
3921,aph,L,1,5,no,0,1,0,1,0,1,0,0,0,0,0,0,0,0,0,0,0,0,0,0,0
3922,aph,L,1,5,no,0,0,0,1,0,0,0,0,0,0,0,0,0,0,0,0,0,0,0,0,0
3923,aph,L,1,5,no,0,0,0,1,0,0,0,0,0,0,0,0,0,0,0,0,0,0,0,0,0
3924,aph,L,1,5,no,0,1,0,1,0,1,0,0,0,0,0,0,0,0,0,0,0,0,0,0,0
3926,aph,L,1,5,no,0,1,0,1,0,1,0,0,0,0,0,0,0,0,0,0,0,0,0,0,0
4024,aph,L,6,5,yes,0,1,0,1,0,1,0,0,0,0,0,0,0,0,0,0,0,0,0,0,0
4025,aph,L,6,5,yes,0,1,0,1,0,0,1,0,0,0,0,0,0,0,0,0,0,0,0,0,0
4027,aph,L,6,5,yes,0,1,0,1,0,1,0,0,0,0,0,0,0,0,0,0,0,0,0,0,0
4169,aph,L,3,5,no,0,1,0,1,0,0,1,0,0,0,0,0,0,0,0,0,0,0,0,0,0
4170,aph,L,3,5,no,0,1,0,1,0,0,1,0,0,0,0,0,0,0,0,0,0,0,0,0,0
4171,aph,L,3,5,no,0,1,0,1,0,0,1,0,0,0,0,0,0,0,0,0,0,0,0,0,0
4172,aph,L,3,5,no,0,1,0,1,0,0,1,0,0,0,0,0,0,0,0,0,0,0,0,0,0
4173,aph,L,3,5,no,0,1,0,1,0,0,1,0,0,0,0,0,0,0,0,0,0,0,0,0,0
4248,aph,L,5,5,no,0,1,0,1,0,0,1,0,0,0,0,0,0,0,0,0,0,0,0,0,0
4249,aph,L,5,5,no,0,0,0,1,0,0,0,0,0,0,0,0,0,0,0,0,0,0,0,0,0
4250,aph,L,5,5,no,0,1,0,1,0,0,1,0,0,0,0,0,0,0,0,0,0,0,0,0,0
4251,aph,L,5,5,no,0,1,0,1,0,1,0,0,0,0,0,0,0,0,0,0,0,0,0,0,0
4252,aph,L,5,5,no,0,1,0,1,0,1,0,0,0,0,0,0,0,0,0,0,0,0,0,0,0
4253,aph,L,5,5,no,0,1,0,1,0,0,1,0,0,0,0,0,0,0,0,0,0,0,0,0,0
4254,aph,L,5,5,no,0,0,0,1,0,0,0,0,0,0,0,0,0,0,0,0,0,0,0,0,0
4055,aph,L,6,6,yes,1,0,0,0,1,0,0,0,0,0,0,0,0,0,0,0,1,0,0,0,0
3423,mum,H,4,6,yes,1,0,1,0,0,0,0,0,1,0,0,0,0,0,0,0,0,0,0,0,0
3426,mum,H,4,6,yes,1,0,1,0,0,0,0,0,0,0,0,0,0,0,0,0,0,0,0,0,0
3430,mum,H,4,6,yes,1,0,1,0,0,0,0,0,1,0,0,0,0,0,0,0,0,0,0,0,0
3432,mum,H,4,6,yes,1,0,1,0,0,0,0,0,1,0,0,0,0,0,0,0,0,0,0,0,0
3280,aph,H,5,6,no,1,1,0,1,0,1,0,0,0,0,0,0,0,0,0,0,0,0,0,0,0
3286,mum,H,5,6,no,1,0,0,1,0,0,0,0,1,0,0,0,0,0,0,0,0,0,0,0,1
3418,mum,H,4,6,yes,1,0,1,0,0,0,0,0,0,0,0,0,0,0,0,0,1,0,0,0,0
3419,mum,H,4,6,yes,1,0,1,0,0,0,0,0,0,0,0,0,0,0,0,0,0,0,1,0,0
3420,mum,H,4,6,yes,1,0,1,0,0,0,0,0,0,0,0,0,0,0,1,0,0,0,1,0,0
3421,mum,H,4,6,yes,1,0,0,1,0,0,0,0,1,0,0,0,0,0,0,0,1,0,0,0,0
3424,mum,H,4,6,yes,1,0,0,1,0,0,0,0,0,0,0,0,0,0,0,0,1,0,0,0,0
3425,mum,H,4,6,yes,1,1,1,0,0,1,0,0,1,0,0,0,0,0,0,1,0,0,0,0,0
3428,mum,H,4,6,yes,1,1,1,0,0,0,1,0,0,0,0,0,0,0,0,0,0,0,1,0,0
3927,mum,L,1,6,no,1,1,0,1,0,1,0,0,1,0,0,0,0,0,0,0,0,0,0,0,1
4029,mum,L,6,6,yes,1,0,0,1,0,0,0,0,0,0,1,0,0,0,0,0,0,1,0,0,0
4174,aph,L,3,6,no,1,0,0,1,0,0,0,0,1,0,0,0,0,0,0,0,0,0,0,1,0
3422,mum,H,4,6,yes,1,0,0,1,0,0,0,0,0,0,1,0,0,0,0,0,0,0,0,0,0
3429,mum,H,4,6,yes,1,1,0,1,0,1,0,0,0,1,1,0,0,0,0,0,0,0,0,0,0
3427,mum,H,4,6,yes,1,0,1,0,0,0,0,0,1,0,0,0,0,0,0,0,0,0,0,0,0
3431,mum,H,4,6,yes,1,1,1,0,0,1,0,0,1,0,0,0,0,0,0,0,0,0,0,0,0
4263,mum,L,5,6,no,1,0,0,1,0,0,0,0,0,0,0,0,1,0,0,0,0,0,0,0,0
3278,aph,H,5,6,no,0,1,0,1,0,1,0,0,0,0,0,0,0,0,0,0,0,0,0,0,0
3279,aph,H,5,6,no,0,1,0,1,0,1,0,0,0,0,0,0,0,0,0,0,0,0,0,0,0
3281,aph,H,5,6,no,0,1,0,1,0,1,0,0,0,0,0,0,0,0,0,0,0,0,0,0,0
3282,aph,H,5,6,no,0,1,0,1,0,1,0,0,0,0,0,0,0,0,0,0,0,0,0,0,0
3283,aph,H,5,6,no,0,1,0,1,0,1,0,0,0,0,0,0,0,0,0,0,0,0,0,0,0
3284,aph,H,5,6,no,0,1,0,1,0,0,1,0,0,0,0,0,0,0,0,0,0,0,0,0,0
3433,mum,H,4,6,yes,1,0,1,0,0,0,0,0,0,0,0,0,0,0,0,0,0,0,0,0,0
3434,aph,H,4,6,yes,0,1,0,1,0,0,1,0,0,0,0,0,0,0,0,0,0,0,0,0,0
3435,aph,H,4,6,yes,0,1,0,1,0,1,0,0,0,0,0,0,0,0,0,0,0,0,0,0,0
3436,aph,H,4,6,yes,0,1,0,1,0,1,0,0,0,0,0,0,0,0,0,0,0,0,0,0,0
3437,aph,H,4,6,yes,0,0,0,1,0,0,0,0,0,0,0,0,0,0,0,0,0,0,0,0,0
3438,aph,H,4,6,yes,0,0,1,0,0,0,0,0,0,0,0,0,0,0,0,0,0,0,0,0,0
4053,aph,L,6,6,yes,0,0,0,0,1,0,0,0,0,0,0,0,0,0,0,0,0,0,0,0,0
4175,aph,L,3,6,no,0,1,0,1,0,0,1,0,0,0,0,0,0,0,0,0,0,0,0,0,0
4176,aph,L,3,6,no,0,1,0,1,0,1,0,0,0,0,0,0,0,0,0,0,0,0,0,0,0
4177,aph,L,3,6,no,0,1,0,1,0,0,1,0,0,0,0,0,0,0,0,0,0,0,0,0,0
4178,mum,L,3,6,no,1,1,0,1,0,0,1,0,0,0,0,0,0,0,0,0,0,0,0,0,0
4259,aph,L,5,6,no,0,1,0,1,0,1,0,0,0,0,0,0,0,0,0,0,0,0,0,0,0
4260,aph,L,5,6,no,0,1,0,1,0,0,1,0,0,0,0,0,0,0,0,0,0,0,0,0,0
4261,aph,L,5,6,no,0,0,0,1,0,0,0,0,0,0,0,0,0,0,0,0,0,0,0,0,0
4262,aph,L,5,6,no,0,0,0,1,0,0,0,0,0,0,0,0,0,0,0,0,0,0,0,0,0
3582,mum,H,6,7,yes,1,1,1,0,0,1,0,0,0,0,0,0,0,0,0,0,0,0,0,0,0
3452,mum,H,4,7,yes,1,0,0,1,0,0,0,0,0,0,1,0,0,0,0,0,0,0,0,0,0
3439,aph,H,4,7,yes,0,1,0,1,0,0,1,0,0,0,0,0,0,0,0,0,0,0,0,0,0
3440,aph,H,4,7,yes,0,1,0,1,0,0,1,0,0,0,0,0,0,0,0,0,0,0,0,0,0
3441,aph,H,4,7,yes,0,0,0,1,0,0,0,0,0,0,0,0,0,0,0,0,0,0,0,0,0
3442,aph,H,4,7,yes,0,1,0,1,0,0,1,0,0,0,0,0,0,0,0,0,0,0,0,0,0
3443,aph,H,4,7,yes,0,1,0,1,0,0,1,0,0,0,0,0,0,0,0,0,0,0,0,0,0
3444,aph,H,4,7,yes,0,1,0,1,0,0,1,0,0,0,0,0,0,0,0,0,0,0,0,0,0
3445,aph,H,4,7,yes,0,0,0,1,0,0,0,0,0,0,0,0,0,0,0,0,0,0,0,0,0
3446,aph,H,4,7,yes,0,1,0,1,0,0,1,0,0,0,0,0,0,0,0,0,0,0,0,0,0
3447,aph,H,4,7,yes,0,1,0,1,0,0,1,0,0,0,0,0,0,0,0,0,0,0,0,0,0
3448,aph,H,4,7,yes,0,1,0,1,0,0,1,0,0,0,0,0,0,0,0,0,0,0,0,0,0
3449,aph,H,4,7,yes,0,1,0,1,0,0,1,0,0,0,0,0,0,0,0,0,0,0,0,0,0
3450,aph,H,4,7,yes,0,1,0,1,0,0,1,0,0,0,0,0,0,0,0,0,0,0,0,0,0
3451,aph,H,4,7,yes,0,1,0,1,0,0,1,0,0,0,0,0,0,0,0,0,0,0,0,0,0
3577,aph,H,6,7,yes,0,1,0,1,0,1,0,0,0,0,0,0,0,0,0,0,0,0,0,0,0
3578,aph,H,6,7,yes,0,0,0,1,0,0,0,0,0,0,0,0,0,0,0,0,0,0,0,0,0
3579,aph,H,6,7,yes,0,1,0,1,0,1,1,0,0,0,0,0,0,0,0,0,0,0,0,0,0
3580,aph,H,6,7,yes,0,1,0,1,0,0,1,0,0,0,0,0,0,0,0,0,0,0,0,0,0
3581,aph,H,6,7,yes,0,1,0,1,0,0,1,0,0,0,0,0,0,0,0,0,0,0,0,0,0
3583,mum,H,6,7,yes,1,0,1,0,0,0,0,0,0,0,0,0,0,0,0,0,0,0,0,0,0
4052,aph,L,6,7,yes,0,0,0,0,1,0,0,0,0,0,0,0,0,0,0,0,0,0,0,0,0
4264,aph,L,5,7,no,0,1,0,1,0,0,1,0,0,0,0,0,0,0,0,0,0,0,0,0,0
4265,mum,L,5,8,no,1,0,0,1,0,0,0,0,1,0,0,0,0,0,0,0,0,1,0,0,0
4266,mum,L,5,8,no,1,0,0,1,0,0,0,0,0,0,1,0,1,0,0,0,0,1,0,0,0
3457,mum,H,4,8,yes,1,0,0,1,0,0,0,0,0,0,1,0,0,0,0,0,0,0,0,0,0
3453,aph,H,4,8,yes,0,0,0,1,0,0,0,0,0,0,0,0,0,0,0,0,0,0,0,0,0
3454,aph,H,4,8,yes,0,1,0,1,0,0,1,0,0,0,0,0,0,0,0,0,0,0,0,0,0
3455,aph,H,4,8,yes,0,1,0,1,0,0,1,0,0,0,0,0,0,0,0,0,0,0,0,0,0
3456,aph,H,4,8,yes,0,0,0,1,0,0,0,0,0,0,0,0,0,0,0,0,0,0,0,0,0
3458,aph,H,4,8,yes,0,1,0,1,0,0,1,0,0,0,0,0,0,0,0,0,0,0,0,0,0
4056,aph,L,6,8,yes,0,0,0,0,1,0,0,0,0,0,0,0,0,0,0,0,0,0,0,0,0
4057,aph,L,6,8,yes,0,0,0,0,1,0,0,0,0,0,0,0,0,0,0,0,0,0,0,0,0
3462,mum,H,4,9,yes,1,0,0,1,0,0,0,0,0,1,0,0,0,0,0,0,0,0,0,0,0
3463,mum,H,4,9,yes,1,0,0,1,0,0,0,0,0,1,0,0,0,0,0,0,0,0,0,0,0
3461,mum,H,4,9,yes,1,0,0,1,0,0,0,0,1,0,0,0,0,0,0,0,0,0,0,0,0
3459,aph,H,4,9,yes,0,0,0,1,0,0,0,0,0,0,0,0,0,0,0,0,0,0,0,0,0
3460,aph,H,4,9,yes,0,1,1,0,0,0,1,0,0,0,0,0,0,0,0,0,0,0,0,0,0
3464,aph,H,4,10,yes,1,1,0,1,0,0,1,0,0,1,0,0,0,0,0,0,0,0,0,0,0
3465,aph,H,4,10,yes,0,0,0,1,0,0,0,0,0,0,0,0,0,0,0,0,0,0,0,0,0
3466,aph,H,4,10,yes,0,0,0,1,0,0,0,0,0,0,0,0,0,0,0,0,0,0,0,0,0
4386,mum,L,1,120,no,1,0,0,1,0,0,0,0,1,0,0,0,0,0,0,0,0,0,0,0,0
4395,mum,L,1,120,no,1,0,0,1,0,0,0,0,1,0,0,0,0,0,0,0,0,0,0,0,0
3615,mum,H,1,120,no,1,0,0,1,0,0,0,0,1,0,0,0,0,0,0,0,0,0,0,0,0
3617,mum,H,1,120,no,1,0,1,0,0,0,0,0,0,0,1,0,0,0,0,0,0,0,0,0,0
3620,mum,H,1,120,no,1,1,0,1,0,1,1,0,0,1,0,0,0,0,0,0,0,0,0,0,0
3625,mum,H,3,120,no,1,0,1,0,0,0,0,0,0,1,0,0,0,0,0,0,0,0,0,0,0
3643,mum,H,6,120,yes,1,1,1,0,0,0,1,0,0,0,0,0,0,0,0,0,0,0,0,0,0
4389,mum,L,1,120,no,1,0,1,0,0,0,0,0,0,0,0,0,1,0,0,0,0,0,0,0,0
3594,mum,H,2,120,yes,1,0,0,1,0,0,0,0,0,0,1,0,0,0,0,0,0,0,0,0,1
3598,mum,H,2,120,yes,1,0,0,1,0,0,0,0,1,0,0,0,0,0,0,0,0,0,0,0,1
3604,mum,H,6,120,yes,1,1,0,1,0,1,1,0,0,0,1,0,0,0,0,0,0,0,0,0,1
3606,mum,H,6,120,yes,1,0,1,0,0,0,0,0,0,0,1,0,0,0,0,0,0,0,0,0,1
3609,mum,H,6,120,yes,1,0,1,0,0,0,0,0,1,0,0,0,0,0,0,0,1,0,0,0,0
3610,mum,H,6,120,yes,1,1,1,0,0,1,0,0,0,0,0,0,0,0,0,0,0,0,0,0,1
3614,mum,H,6,120,yes,1,0,1,0,0,0,0,0,0,0,0,0,0,0,0,0,0,0,0,1,0
3618,mum,H,1,120,no,1,0,1,0,0,0,0,0,0,0,0,0,0,0,0,1,0,0,0,0,0
3621,mum,H,3,120,no,1,1,0,1,0,1,0,0,0,1,0,0,0,0,0,1,0,0,0,0,0
3622,mum,H,3,120,no,1,0,0,1,0,0,0,0,0,1,0,0,0,0,0,0,0,0,0,0,1
3624,mum,H,3,120,no,1,0,0,1,0,0,0,0,0,1,0,0,0,0,0,0,0,0,0,0,1
3626,mum,H,3,120,no,1,0,0,1,0,0,0,0,1,0,0,0,0,0,0,0,0,0,0,0,1
3628,mum,H,3,120,no,1,1,0,1,0,1,1,0,0,1,0,0,0,0,0,1,0,0,0,0,1
3629,mum,H,3,120,no,1,0,0,1,0,0,0,0,0,1,0,0,0,0,0,0,0,0,0,0,1
3630,mum,H,3,120,no,1,0,0,1,0,0,0,0,0,1,0,0,0,0,0,0,0,0,0,0,1
3633,mum,H,5,120,no,1,0,0,1,0,0,0,0,0,1,0,0,0,0,0,0,0,0,0,0,1
3634,mum,H,5,120,no,1,1,1,0,0,1,0,0,0,0,0,0,0,0,0,1,0,0,0,0,0
3639,mum,H,6,120,yes,1,0,1,0,0,0,0,0,1,0,0,0,0,0,0,0,0,0,0,1,0
3640,mum,H,6,120,yes,1,0,1,0,0,0,0,0,1,0,0,0,0,0,0,0,0,0,0,0,1
3641,mum,H,6,120,yes,1,0,1,0,0,0,0,0,1,0,0,0,0,0,0,0,0,1,0,0,0
3645,mum,H,4,120,yes,1,0,0,1,0,0,0,0,0,1,0,0,0,0,0,0,0,0,0,0,1
3646,mum,H,4,120,yes,1,0,1,0,0,0,0,0,1,0,0,0,0,0,0,0,0,0,0,0,1
3649,mum,H,4,120,yes,1,0,0,1,0,0,0,0,0,0,1,0,0,0,0,0,0,0,0,0,1
4382,mum,L,1,120,no,1,0,0,1,0,0,0,1,0,0,0,0,0,0,0,0,0,1,0,0,0
4385,mum,L,1,120,no,1,1,0,1,0,1,0,0,0,0,0,0,1,0,0,0,0,0,0,0,1
4387,mum,L,1,120,no,1,0,1,0,0,0,0,0,0,0,0,0,1,0,0,0,0,1,0,0,0
4388,mum,L,1,120,no,1,0,0,1,0,0,0,0,0,1,0,0,0,0,0,0,1,0,0,0,0
4390,mum,L,1,120,no,1,0,0,1,0,0,0,0,0,0,0,1,0,0,0,0,0,0,0,0,1
4391,mum,L,1,120,no,1,1,0,1,0,1,0,0,0,1,0,0,0,0,0,0,0,1,0,0,0
4392,mum,L,1,120,no,1,1,0,1,0,1,0,0,0,0,0,0,1,0,0,0,1,0,0,0,0
4393,mum,L,1,120,no,1,0,0,1,0,0,0,0,0,0,0,0,0,0,1,0,0,0,1,0,0
4394,mum,L,1,120,no,1,1,0,1,0,1,0,0,1,0,0,0,0,0,0,0,0,1,0,0,0
4396,mum,L,1,120,no,1,0,0,0,1,0,0,0,1,0,0,0,0,0,0,0,0,1,0,0,0
4397,mum,L,1,120,no,1,0,0,1,0,0,0,0,0,0,0,0,0,0,0,0,0,1,0,0,1
4398,mum,L,1,120,no,1,0,0,1,0,0,0,0,0,0,1,0,0,0,0,0,0,1,0,0,0
4399,mum,L,1,120,no,1,0,0,1,0,0,0,0,0,1,0,0,0,0,0,0,0,1,0,0,0
4400,mum,L,1,120,no,1,0,0,1,0,0,0,0,0,0,0,0,1,0,0,0,0,0,0,0,1
4403,mum,L,1,120,no,1,0,0,1,0,0,0,0,0,1,0,0,0,0,0,0,0,1,0,0,0
4405,mum,L,1,120,no,1,0,0,1,0,0,0,0,0,0,0,0,1,0,0,0,0,1,0,0,0
4406,mum,L,1,120,no,1,0,1,0,0,0,0,0,0,0,0,0,1,0,0,0,1,0,0,0,0
4407,mum,L,1,120,no,1,0,1,0,0,0,0,0,0,1,0,0,0,0,0,0,0,1,0,0,0
3591,mum,H,2,120,yes,1,0,1,0,0,0,0,0,0,0,1,0,0,0,0,0,0,0,0,0,0
3595,mum,H,2,120,yes,1,1,0,1,0,0,1,0,0,1,0,0,0,0,0,0,0,0,0,0,0
3597,mum,H,2,120,yes,1,0,0,1,0,0,0,0,0,0,1,0,0,0,0,0,0,0,0,0,0
3600,mum,H,2,120,yes,1,1,0,1,0,1,0,0,0,0,1,0,0,0,0,0,0,0,0,0,0
3601,mum,H,6,120,yes,1,0,0,1,0,0,0,0,0,0,1,0,0,0,0,0,0,0,0,0,0
3602,mum,H,6,120,yes,1,0,0,1,0,0,0,0,0,1,0,0,0,0,0,0,0,0,0,0,0
3611,mum,H,6,120,yes,1,1,1,0,0,1,0,0,0,0,1,0,0,0,0,0,0,0,0,0,0
3623,mum,H,3,120,no,1,1,0,1,0,1,0,0,0,0,1,0,0,0,0,0,0,0,0,0,0
3637,mum,H,3,120,no,1,0,1,0,0,0,0,0,0,0,1,0,0,0,0,0,0,0,0,0,0
3638,mum,H,3,120,no,1,0,0,1,0,0,0,0,0,0,1,0,0,0,0,0,0,0,0,0,0
3642,mum,H,6,120,yes,1,0,1,0,0,0,0,0,0,1,0,0,0,0,0,0,0,0,0,0,0
3648,mum,H,4,120,yes,1,0,0,1,0,0,0,0,0,0,1,0,0,0,0,0,0,0,0,0,0
4401,mum,L,1,120,no,1,0,0,1,0,0,0,0,0,0,1,0,0,0,0,0,0,0,0,0,0
4404,mum,L,1,120,no,1,0,0,0,1,0,0,0,0,0,1,0,1,0,0,0,0,0,0,0,0
3588,mum,H,2,120,yes,1,1,1,0,0,1,0,1,0,0,0,0,0,0,0,0,0,0,0,0,0
3589,mum,H,2,120,yes,1,0,0,0,1,0,0,1,0,0,0,0,0,0,0,0,0,0,0,0,0
3592,mum,H,2,120,yes,1,0,1,0,0,0,0,0,1,0,0,0,0,0,0,0,0,0,0,0,0
3593,mum,H,2,120,yes,1,0,1,0,0,0,0,0,1,0,0,0,0,0,0,0,0,0,0,0,0
3599,mum,H,2,120,yes,1,0,1,0,0,0,0,0,0,0,0,0,1,0,0,0,0,0,0,0,0
3603,mum,H,6,120,yes,1,0,0,1,0,0,0,0,1,0,0,0,0,0,0,0,0,0,0,0,0
3605,mum,H,6,120,yes,1,0,0,1,0,0,0,0,1,0,0,0,0,0,0,0,0,0,0,0,0
3607,mum,H,6,120,yes,1,0,0,1,0,0,0,0,1,0,0,0,0,0,0,0,0,0,0,0,0
3613,mum,H,6,120,yes,1,0,0,1,0,0,0,0,1,0,0,0,0,0,0,0,0,0,0,0,0
3616,mum,H,1,120,no,1,0,1,0,0,0,0,0,1,0,0,0,0,0,0,0,0,0,0,0,0
3619,mum,H,1,120,no,1,0,0,1,0,0,0,0,0,0,0,0,1,0,0,0,0,0,0,0,0
3627,mum,H,3,120,no,1,0,1,0,0,0,0,0,1,0,0,0,0,0,0,0,0,0,0,0,0
3631,mum,H,3,120,no,1,0,0,1,0,0,0,1,0,0,0,0,0,0,0,0,0,0,0,0,0
3635,mum,H,5,120,no,1,0,1,0,0,0,0,0,0,0,0,0,1,0,0,0,0,0,0,0,0
3647,mum,H,4,120,yes,1,0,1,0,0,0,0,0,1,0,0,0,0,0,0,0,0,0,0,0,0
3636,mum,H,3,120,no,1,1,0,1,0,1,0,0,0,0,0,0,0,0,0,0,0,0,0,0,0
3590,mum,H,2,120,yes,1,0,1,0,0,0,0,0,0,0,0,0,0,0,0,0,0,0,0,0,0
3596,mum,H,2,120,yes,1,0,1,0,0,0,0,0,0,0,0,0,0,0,0,0,0,0,0,0,0
3608,mum,H,6,120,yes,1,0,1,0,0,0,0,0,0,0,0,0,0,0,0,0,0,0,0,0,0
3612,mum,H,6,120,yes,1,0,1,0,0,0,0,0,0,0,0,0,0,0,0,0,0,0,0,0,0
3632,mum,H,3,120,no,1,0,1,0,0,0,0,0,0,0,0,0,0,0,0,0,0,0,0,0,0
3644,mum,H,6,120,yes,1,1,1,0,0,1,0,0,0,0,0,0,0,0,0,0,0,0,0,0,0
4383,mum,L,1,120,no,1,1,0,1,0,1,0,0,0,0,0,0,0,0,0,0,0,0,0,0,0
4384,mum,L,1,120,no,1,0,0,1,0,0,0,0,0,0,0,0,0,0,0,0,0,0,0,0,0
